Id,ActivityDay,TotalSteps,TotalDistance,TrackerDistance,LoggedActivitiesDistance,VeryActiveDistance,ModeratelyActiveDistance,LightActiveDistance,SedentaryActiveDistance,VeryActiveMinutes,FairlyActiveMinutes,LightlyActiveMinutes,SedentaryMinutes,Calories,TotalSleepRecords,TotalMinutesAsleep,TotalTimeInBed
1503960366,4/12/2016,"13,162.00",8.5,8.5,0,1.88,0.55,6.06,0,25,13,328,728,"1,985.00",1,327,346
1503960366,4/13/2016,"10,735.00",6.97,6.97,0,1.57,0.69,4.71,0,21,19,217,776,"1,797.00",2,384,407
1503960366,4/14/2016,"10,460.00",6.74,6.74,0,2.44,0.4,3.91,0,30,11,181,"1,218.00","1,776.00",NA,NA,NA
1503960366,4/15/2016,"9,762.00",6.28,6.28,0,2.14,1.26,2.83,0,29,34,209,726,"1,745.00",1,412,442
1503960366,4/16/2016,"12,669.00",8.16,8.16,0,2.71,0.41,5.04,0,36,10,221,773,"1,863.00",2,340,367
1503960366,4/17/2016,"9,705.00",6.48,6.48,0,3.19,0.78,2.51,0,38,20,164,539,"1,728.00",1,700,712
1503960366,4/18/2016,"13,019.00",8.59,8.59,0,3.25,0.64,4.71,0,42,16,233,"1,149.00","1,921.00",NA,NA,NA
1503960366,4/19/2016,"15,506.00",9.88,9.88,0,3.53,1.32,5.03,0,50,31,264,775,"2,035.00",1,304,320
1503960366,4/20/2016,"10,544.00",6.68,6.68,0,1.96,0.48,4.24,0,28,12,205,818,"1,786.00",1,360,377
1503960366,4/21/2016,"9,819.00",6.34,6.34,0,1.34,0.35,4.65,0,19,8,211,838,"1,775.00",1,325,364
1503960366,4/22/2016,"12,764.00",8.13,8.13,0,4.76,1.12,2.24,0,66,27,130,"1,217.00","1,827.00",NA,NA,NA
1503960366,4/23/2016,"14,371.00",9.04,9.04,0,2.81,0.87,5.36,0,41,21,262,732,"1,949.00",1,361,384
1503960366,4/24/2016,"10,039.00",6.41,6.41,0,2.92,0.21,3.28,0,39,5,238,709,"1,788.00",1,430,449
1503960366,4/25/2016,"15,355.00",9.8,9.8,0,5.29,0.57,3.94,0,73,14,216,814,"2,013.00",1,277,323
1503960366,4/26/2016,"13,755.00",8.79,8.79,0,2.33,0.92,5.54,0,31,23,279,833,"1,970.00",1,245,274
1503960366,4/27/2016,"18,134.00",12.21,12.21,0,6.4,0.41,5.41,0,78,11,243,"1,108.00","2,159.00",NA,NA,NA
1503960366,4/28/2016,"13,154.00",8.53,8.53,0,3.54,1.16,3.79,0,48,28,189,782,"1,898.00",1,366,393
1503960366,4/29/2016,"11,181.00",7.15,7.15,0,1.06,0.5,5.58,0,16,12,243,815,"1,837.00",1,341,354
1503960366,4/30/2016,"14,673.00",9.25,9.25,0,3.56,1.42,4.27,0,52,34,217,712,"1,947.00",1,404,425
1503960366,5/1/2016,"10,602.00",6.81,6.81,0,2.29,1.6,2.92,0,33,35,246,730,"1,820.00",NA,NA,NA
1503960366,5/2/2016,"14,727.00",9.71,9.71,0,3.21,0.57,5.92,0,41,15,277,798,"2,004.00",NA,NA,NA
1503960366,5/3/2016,"15,103.00",9.66,9.66,0,3.73,1.05,4.88,0,50,24,254,816,"1,990.00",NA,NA,NA
1503960366,5/4/2016,"11,100.00",7.15,7.15,0,2.46,0.87,3.82,0,36,22,203,"1,179.00","1,819.00",NA,NA,NA
1503960366,5/5/2016,"14,070.00",8.9,8.9,0,2.92,1.08,4.88,0,45,24,250,857,"1,959.00",NA,NA,NA
1503960366,5/6/2016,"12,159.00",8.03,8.03,0,1.97,0.25,5.81,0,24,6,289,754,"1,896.00",NA,NA,NA
1503960366,5/7/2016,"11,992.00",7.71,7.71,0,2.46,2.12,3.13,0,37,46,175,833,"1,821.00",NA,NA,NA
1503960366,5/8/2016,"10,060.00",6.58,6.58,0,3.53,0.32,2.73,0,44,8,203,574,"1,740.00",NA,NA,NA
1503960366,5/9/2016,"12,022.00",7.72,7.72,0,3.45,0.53,3.74,0,46,11,206,835,"1,819.00",NA,NA,NA
1503960366,5/10/2016,"12,207.00",7.77,7.77,0,3.35,1.16,3.26,0,46,31,214,746,"1,859.00",1,383,403
1503960366,5/11/2016,"12,770.00",8.13,8.13,0,2.56,1.01,4.55,0,36,23,251,669,"1,783.00",1,285,306
1624580081,4/12/2016,"8,163.00",5.31,5.31,0,0,0,5.31,0,0,0,146,"1,294.00","1,432.00",NA,NA,NA
1624580081,4/13/2016,"7,007.00",4.55,4.55,0,0,0,4.55,0,0,0,148,"1,292.00","1,411.00",NA,NA,NA
1624580081,4/14/2016,"9,107.00",5.92,5.92,0,0,0,5.91,0.01,0,0,236,"1,204.00","1,572.00",NA,NA,NA
1624580081,4/15/2016,"1,510.00",0.98,0.98,0,0,0,0.97,0,0,0,96,"1,344.00","1,344.00",NA,NA,NA
1624580081,4/16/2016,"5,370.00",3.49,3.49,0,0,0,3.49,0,0,0,176,"1,264.00","1,463.00",NA,NA,NA
1624580081,4/17/2016,"6,175.00",4.06,4.06,0,1.03,1.52,1.49,0.01,15,22,127,"1,276.00","1,554.00",NA,NA,NA
1624580081,4/18/2016,"10,536.00",7.41,7.41,0,2.15,0.62,4.62,0.01,17,7,202,"1,214.00","1,604.00",NA,NA,NA
1624580081,4/19/2016,"2,916.00",1.9,1.9,0,0,0,1.9,0,0,0,141,"1,299.00","1,435.00",NA,NA,NA
1624580081,4/20/2016,"4,974.00",3.23,3.23,0,0,0,3.23,0,0,0,151,"1,289.00","1,446.00",NA,NA,NA
1624580081,4/21/2016,"6,349.00",4.13,4.13,0,0,0,4.11,0.02,0,0,186,"1,254.00","1,467.00",NA,NA,NA
1624580081,4/22/2016,"4,026.00",2.62,2.62,0,0,0,2.6,0,0,0,199,"1,241.00","1,470.00",NA,NA,NA
1624580081,4/23/2016,"8,538.00",5.55,5.55,0,0,0,5.54,0.01,0,0,227,"1,213.00","1,562.00",NA,NA,NA
1624580081,4/24/2016,"6,076.00",3.95,3.95,0,1.15,0.91,1.89,0,16,18,185,"1,221.00","1,617.00",NA,NA,NA
1624580081,4/25/2016,"6,497.00",4.22,4.22,0,0,0,4.2,0.02,0,0,202,"1,238.00","1,492.00",NA,NA,NA
1624580081,4/26/2016,"2,826.00",1.84,1.84,0,0,0,1.83,0.01,0,0,140,"1,300.00","1,402.00",NA,NA,NA
1624580081,4/27/2016,"8,367.00",5.44,5.44,0,1.11,1.87,2.46,0,17,36,154,"1,233.00","1,670.00",NA,NA,NA
1624580081,4/28/2016,"2,759.00",1.79,1.79,0,0,0.2,1.6,0,0,5,115,"1,320.00","1,401.00",NA,NA,NA
1624580081,4/29/2016,"2,390.00",1.55,1.55,0,0,0,1.55,0,0,0,150,"1,290.00","1,404.00",NA,NA,NA
1624580081,4/30/2016,"6,474.00",4.3,4.3,0,0.9,1.28,2.12,0.01,11,23,224,"1,182.00","1,655.00",NA,NA,NA
1624580081,5/1/2016,"36,019.00",28.03,28.03,0,21.92,4.19,1.91,0.02,186,63,171,"1,020.00","2,690.00",NA,NA,NA
1624580081,5/2/2016,"7,155.00",4.93,4.93,0,0.86,0.59,3.47,0,7,6,166,"1,261.00","1,497.00",NA,NA,NA
1624580081,5/3/2016,"2,100.00",1.37,1.37,0,0,0,1.34,0.02,0,0,96,"1,344.00","1,334.00",NA,NA,NA
1624580081,5/4/2016,"2,193.00",1.43,1.43,0,0,0,1.42,0,0,0,118,"1,322.00","1,368.00",NA,NA,NA
1624580081,5/5/2016,"2,470.00",1.61,1.61,0,0,0,1.58,0.02,0,0,117,"1,323.00","1,370.00",NA,NA,NA
1624580081,5/6/2016,"1,727.00",1.12,1.12,0,0,0,1.12,0.01,0,0,102,"1,338.00","1,341.00",NA,NA,NA
1624580081,5/7/2016,"2,104.00",1.37,1.37,0,0,0,1.37,0,0,0,182,"1,258.00","1,474.00",NA,NA,NA
1624580081,5/8/2016,"3,427.00",2.23,2.23,0,0,0,2.22,0,0,0,152,"1,288.00","1,427.00",NA,NA,NA
1624580081,5/9/2016,"1,732.00",1.13,1.13,0,0,0,1.13,0,0,0,91,"1,349.00","1,328.00",NA,NA,NA
1624580081,5/10/2016,"2,969.00",1.93,1.93,0,0,0,1.92,0.01,0,0,139,"1,301.00","1,393.00",NA,NA,NA
1624580081,5/11/2016,"3,134.00",2.04,2.04,0,0,0,2.04,0,0,0,112,"1,328.00","1,359.00",NA,NA,NA
1624580081,5/12/2016,"2,971.00",1.93,1.93,0,0,0,1.92,0.01,0,0,107,890,"1,002.00",NA,NA,NA
1644430081,4/12/2016,"10,694.00",7.77,7.77,0,0.14,2.3,5.33,0,2,51,256,"1,131.00","3,199.00",NA,NA,NA
1644430081,4/13/2016,"8,001.00",5.82,5.82,0,2.28,0.9,2.64,0,30,16,135,"1,259.00","2,902.00",NA,NA,NA
1644430081,4/14/2016,"11,037.00",8.02,8.02,0,0.36,2.56,5.1,0,5,58,252,"1,125.00","3,226.00",NA,NA,NA
1644430081,4/15/2016,"5,263.00",3.83,3.83,0,0.22,0.15,3.45,0,3,4,170,"1,263.00","2,750.00",NA,NA,NA
1644430081,4/16/2016,"15,300.00",11.12,11.12,0,4.1,1.88,5.09,0,51,42,212,"1,135.00","3,493.00",NA,NA,NA
1644430081,4/17/2016,"8,757.00",6.37,6.37,0,2.25,0.57,3.55,0,29,13,186,"1,212.00","3,011.00",NA,NA,NA
1644430081,4/18/2016,"7,132.00",5.19,5.19,0,1.07,1.67,2.45,0,15,33,121,"1,271.00","2,806.00",NA,NA,NA
1644430081,4/19/2016,"11,256.00",8.18,8.18,0,0.36,2.53,5.3,0,5,58,278,"1,099.00","3,300.00",NA,NA,NA
1644430081,4/20/2016,"2,436.00",1.77,1.77,0,0,0,1.76,0.01,0,0,125,"1,315.00","2,430.00",NA,NA,NA
1644430081,4/21/2016,"1,223.00",0.89,0.89,0,0,0,0.88,0.01,0,0,38,"1,402.00","2,140.00",NA,NA,NA
1644430081,4/22/2016,"3,673.00",2.67,2.67,0,0,0,2.66,0.01,0,0,86,"1,354.00","2,344.00",NA,NA,NA
1644430081,4/23/2016,"6,637.00",4.83,4.83,0,0,0.58,4.25,0,0,15,160,"1,265.00","2,677.00",NA,NA,NA
1644430081,4/24/2016,"3,321.00",2.41,2.41,0,0,0,2.41,0,0,0,89,"1,351.00","2,413.00",NA,NA,NA
1644430081,4/25/2016,"3,580.00",2.6,2.6,0,0.59,0.06,1.95,0,8,1,94,"1,337.00","2,497.00",NA,NA,NA
1644430081,4/26/2016,"9,919.00",7.21,7.21,0,0.8,1.72,4.69,0,11,41,223,"1,165.00","3,123.00",NA,NA,NA
1644430081,4/27/2016,"3,032.00",2.2,2.2,0,0,0,2.2,0,0,0,118,"1,322.00","2,489.00",NA,NA,NA
1644430081,4/28/2016,"9,405.00",6.84,6.84,0,0.2,2.32,4.31,0,3,53,227,"1,157.00","3,108.00",NA,NA,NA
1644430081,4/29/2016,"3,176.00",2.31,2.31,0,0,0,2.31,0,0,0,120,"1,193.00","2,498.00",1,119,127
1644430081,4/30/2016,"18,213.00",13.24,13.24,0,0.63,3.14,9.46,0,9,71,402,816,"3,846.00",1,124,142
1644430081,5/1/2016,"6,132.00",4.46,4.46,0,0.24,0.99,3.23,0,3,24,146,908,"2,696.00",NA,NA,NA
1644430081,5/2/2016,"3,758.00",2.73,2.73,0,0.07,0.31,2.35,0,1,7,148,682,"2,580.00",NA,NA,NA
1644430081,5/3/2016,"12,850.00",9.34,9.34,0,0.72,4.09,4.54,0,10,94,221,"1,115.00","3,324.00",NA,NA,NA
1644430081,5/4/2016,"2,309.00",1.68,1.68,0,0,0,1.66,0.02,0,0,52,"1,388.00","2,222.00",NA,NA,NA
1644430081,5/5/2016,"4,363.00",3.19,3.19,0,0.52,0.54,2.13,0.01,6,12,81,"1,341.00","2,463.00",NA,NA,NA
1644430081,5/6/2016,"9,787.00",7.12,7.12,0,0.82,0.27,6.01,0.02,11,6,369,"1,054.00","3,328.00",NA,NA,NA
1644430081,5/7/2016,"13,372.00",9.72,9.72,0,3.26,0.79,5.67,0.01,41,17,243,"1,139.00","3,404.00",NA,NA,NA
1644430081,5/8/2016,"6,724.00",4.89,4.89,0,0,0,4.88,0,0,0,295,991,"2,987.00",NA,NA,NA
1644430081,5/9/2016,"6,643.00",4.83,4.83,0,2.39,0.35,2.09,0.01,32,6,303,"1,099.00","3,008.00",NA,NA,NA
1644430081,5/10/2016,"9,167.00",6.66,6.66,0,0.88,0.81,4.97,0.01,12,19,155,"1,254.00","2,799.00",NA,NA,NA
1644430081,5/11/2016,"1,329.00",0.97,0.97,0,0,0,0.95,0.01,0,0,49,713,"1,276.00",NA,NA,NA
1844505072,4/12/2016,"6,697.00",4.43,4.43,0,0,0,4.43,0,0,0,339,"1,101.00","2,030.00",NA,NA,NA
1844505072,4/13/2016,"4,929.00",3.26,3.26,0,0,0,3.26,0,0,0,248,"1,192.00","1,860.00",NA,NA,NA
1844505072,4/14/2016,"7,937.00",5.25,5.25,0,0,0,5.23,0,0,0,373,843,"2,130.00",NA,NA,NA
1844505072,4/15/2016,"3,844.00",2.54,2.54,0,0,0,2.54,0,0,0,176,527,"1,725.00",1,644,961
1844505072,4/16/2016,"3,414.00",2.26,2.26,0,0,0,2.26,0,0,0,147,"1,293.00","1,657.00",NA,NA,NA
1844505072,4/17/2016,"4,525.00",2.99,2.99,0,0.14,0.26,2.59,0,2,8,199,"1,231.00","1,793.00",NA,NA,NA
1844505072,4/18/2016,"4,597.00",3.04,3.04,0,0,0.48,2.56,0,0,12,217,"1,211.00","1,814.00",NA,NA,NA
1844505072,4/19/2016,197,0.13,0.13,0,0,0,0.13,0,0,0,10,"1,430.00","1,366.00",NA,NA,NA
1844505072,4/20/2016,8,0.01,0.01,0,0,0,0.01,0,0,0,1,"1,439.00","1,349.00",NA,NA,NA
1844505072,4/21/2016,"8,054.00",5.32,5.32,0,0.12,0.52,4.68,0,2,13,308,"1,117.00","2,062.00",NA,NA,NA
1844505072,4/22/2016,"5,372.00",3.55,3.55,0,0,0,3.55,0,0,0,220,"1,220.00","1,827.00",NA,NA,NA
1844505072,4/23/2016,"3,570.00",2.36,2.36,0,0,0,2.36,0,0,0,139,"1,301.00","1,645.00",NA,NA,NA
1844505072,4/27/2016,4,0,0,0,0,0,0,0,0,0,1,"1,439.00","1,348.00",NA,NA,NA
1844505072,4/28/2016,"6,907.00",4.57,4.57,0,0,0,4.56,0,0,0,302,"1,138.00","1,992.00",NA,NA,NA
1844505072,4/29/2016,"4,920.00",3.25,3.25,0,0,0,3.25,0,0,0,247,"1,082.00","1,856.00",NA,NA,NA
1844505072,4/30/2016,"4,014.00",2.67,2.67,0,0,0,2.65,0,0,0,184,218,"1,763.00",1,722,961
1844505072,5/1/2016,"2,573.00",1.7,1.7,0,0,0.26,1.45,0,0,7,75,585,"1,541.00",NA,NA,NA
1844505072,5/3/2016,"4,059.00",2.68,2.68,0,0,0,2.68,0,0,0,184,"1,256.00","1,742.00",NA,NA,NA
1844505072,5/4/2016,"2,080.00",1.37,1.37,0,0,0,1.37,0,0,0,87,"1,353.00","1,549.00",NA,NA,NA
1844505072,5/5/2016,"2,237.00",1.48,1.48,0,0,0,1.48,0,0,0,120,"1,320.00","1,589.00",NA,NA,NA
1844505072,5/6/2016,44,0.03,0.03,0,0,0,0.03,0,0,0,2,"1,438.00","1,351.00",NA,NA,NA
1927972279,4/12/2016,678,0.47,0.47,0,0,0,0.47,0,0,0,55,734,"2,220.00",3,750,775
1927972279,4/13/2016,356,0.25,0.25,0,0,0,0.25,0,0,0,32,986,"2,151.00",1,398,422
1927972279,4/14/2016,"2,163.00",1.5,1.5,0,0,0.4,1.1,0,0,9,88,"1,292.00","2,383.00",NA,NA,NA
1927972279,4/15/2016,980,0.68,0.68,0,0,0,0.68,0,0,0,51,941,"2,221.00",2,475,499
1927972279,4/18/2016,244,0.17,0.17,0,0,0,0.17,0,0,0,17,"1,423.00","2,111.00",NA,NA,NA
1927972279,4/22/2016,149,0.1,0.1,0,0,0,0.1,0,0,0,10,"1,430.00","2,093.00",NA,NA,NA
1927972279,4/23/2016,"2,945.00",2.04,2.04,0,0,0,2.04,0,0,0,145,"1,295.00","2,499.00",NA,NA,NA
1927972279,4/24/2016,"2,090.00",1.45,1.45,0,0.07,0.24,1.14,0,1,6,75,"1,358.00","2,324.00",NA,NA,NA
1927972279,4/25/2016,152,0.11,0.11,0,0,0,0.11,0,0,0,12,"1,303.00","2,100.00",NA,NA,NA
1927972279,4/26/2016,"3,761.00",2.6,2.6,0,0,0,2.6,0,0,0,192,"1,058.00","2,638.00",1,296,315
1927972279,4/28/2016,"1,675.00",1.16,1.16,0,0,0,1.16,0,0,0,95,"1,167.00","2,351.00",1,166,178
1927972279,5/1/2016,"2,704.00",1.87,1.87,0,1.01,0.03,0.83,0,14,1,70,"1,355.00","2,411.00",NA,NA,NA
1927972279,5/2/2016,"3,790.00",2.62,2.62,0,1.16,0.3,1.16,0,16,8,94,"1,322.00","2,505.00",NA,NA,NA
1927972279,5/3/2016,"1,326.00",0.92,0.92,0,0.73,0,0.18,0,10,0,17,"1,413.00","2,195.00",NA,NA,NA
1927972279,5/4/2016,"1,786.00",1.24,1.24,0,0,0,1.24,0,0,0,87,"1,353.00","2,338.00",NA,NA,NA
1927972279,5/6/2016,"2,091.00",1.45,1.45,0,0,0,1.45,0,0,0,108,"1,332.00","2,383.00",NA,NA,NA
1927972279,5/7/2016,"1,510.00",1.04,1.04,0,0,0,1.04,0,0,0,48,"1,392.00","2,229.00",NA,NA,NA
2022484408,4/12/2016,"11,875.00",8.34,8.34,0,3.31,0.77,4.26,0,42,14,227,"1,157.00","2,390.00",NA,NA,NA
2022484408,4/13/2016,"12,024.00",8.5,8.5,0,2.99,0.1,5.41,0,43,5,292,"1,100.00","2,601.00",NA,NA,NA
2022484408,4/14/2016,"10,690.00",7.5,7.5,0,2.48,0.21,4.82,0,32,3,257,"1,148.00","2,312.00",NA,NA,NA
2022484408,4/15/2016,"11,034.00",8.03,8.03,0,1.94,0.31,5.78,0,27,9,282,"1,122.00","2,525.00",NA,NA,NA
2022484408,4/16/2016,"10,100.00",7.09,7.09,0,3.15,0.55,3.39,0,41,11,151,"1,237.00","2,177.00",NA,NA,NA
2022484408,4/17/2016,"15,112.00",11.4,11.4,0,3.87,0.66,6.88,0,28,29,331,"1,052.00","2,782.00",NA,NA,NA
2022484408,4/18/2016,"14,131.00",10.07,10.07,0,3.64,0.12,6.3,0,48,3,311,"1,078.00","2,770.00",NA,NA,NA
2022484408,4/19/2016,"11,548.00",8.53,8.53,0,3.29,0.24,5,0,31,7,250,"1,152.00","2,489.00",NA,NA,NA
2022484408,4/20/2016,"15,112.00",10.67,10.67,0,3.34,1.93,5.4,0,48,63,276,"1,053.00","2,897.00",NA,NA,NA
2022484408,4/21/2016,"12,453.00",8.74,8.74,0,3.33,1.11,4.31,0,104,53,255,"1,028.00","3,158.00",NA,NA,NA
2022484408,4/22/2016,"12,954.00",9.33,9.33,0,4.43,0.42,4.47,0,52,10,273,"1,105.00","2,638.00",NA,NA,NA
2022484408,4/23/2016,"6,001.00",4.21,4.21,0,0,0,4.21,0,0,0,249,"1,191.00","2,069.00",NA,NA,NA
2022484408,4/24/2016,"13,481.00",10.28,10.28,0,4.55,1.15,4.58,0,37,26,216,"1,161.00","2,529.00",NA,NA,NA
2022484408,4/25/2016,"11,369.00",8.01,8.01,0,3.33,0.22,4.46,0,44,8,217,"1,171.00","2,470.00",NA,NA,NA
2022484408,4/26/2016,"10,119.00",7.19,7.19,0,1.43,0.66,5.11,0,55,24,275,"1,086.00","2,793.00",NA,NA,NA
2022484408,4/27/2016,"10,159.00",7.13,7.13,0,1.04,0.97,5.12,0,19,20,282,"1,119.00","2,463.00",NA,NA,NA
2022484408,4/28/2016,"10,140.00",7.12,7.12,0,0.41,1.33,5.39,0,6,20,291,"1,123.00","2,296.00",NA,NA,NA
2022484408,4/29/2016,"10,245.00",7.19,7.19,0,0.48,1.21,5.5,0,21,40,281,"1,098.00","2,611.00",NA,NA,NA
2022484408,4/30/2016,"18,387.00",12.91,12.91,0,0.94,1.4,10.57,0,13,23,361,"1,043.00","2,732.00",NA,NA,NA
2022484408,5/1/2016,"10,538.00",7.4,7.4,0,1.94,0.96,4.5,0,25,28,245,"1,142.00","2,380.00",NA,NA,NA
2022484408,5/2/2016,"10,379.00",7.29,7.29,0,2.61,0.34,4.33,0,36,8,277,"1,119.00","2,473.00",NA,NA,NA
2022484408,5/3/2016,"12,183.00",8.74,8.74,0,3.99,0.46,4.28,0,72,14,250,"1,104.00","2,752.00",NA,NA,NA
2022484408,5/4/2016,"11,768.00",8.29,8.29,0,2.51,0.93,4.85,0,36,27,272,"1,105.00","2,649.00",NA,NA,NA
2022484408,5/5/2016,"11,895.00",8.35,8.35,0,2.79,0.86,4.7,0,55,20,253,"1,112.00","2,609.00",NA,NA,NA
2022484408,5/6/2016,"10,227.00",7.18,7.18,0,1.87,0.67,4.64,0,24,17,295,"1,104.00","2,498.00",NA,NA,NA
2022484408,5/7/2016,"6,708.00",4.71,4.71,0,1.61,0.08,3.02,0,20,2,149,"1,269.00","1,995.00",NA,NA,NA
2022484408,5/8/2016,"3,292.00",2.31,2.31,0,0,0,2.31,0,0,0,135,"1,305.00","1,848.00",NA,NA,NA
2022484408,5/9/2016,"13,379.00",9.39,9.39,0,2.12,1.63,5.64,0,35,47,297,"1,061.00","2,709.00",NA,NA,NA
2022484408,5/10/2016,"12,798.00",8.98,8.98,0,2.22,1.21,5.56,0,57,28,271,"1,084.00","2,797.00",NA,NA,NA
2022484408,5/11/2016,"13,272.00",9.32,9.32,0,4.18,1.15,3.99,0,58,25,224,"1,133.00","2,544.00",NA,NA,NA
2022484408,5/12/2016,"9,117.00",6.41,6.41,0,1.28,0.67,4.44,0,16,16,236,728,"1,853.00",NA,NA,NA
2026352035,4/12/2016,"4,414.00",2.74,2.74,0,0.19,0.35,2.2,0,3,8,181,706,"1,459.00",1,503,546
2026352035,4/13/2016,"4,993.00",3.1,3.1,0,0,0,3.1,0,0,0,238,663,"1,521.00",1,531,565
2026352035,4/14/2016,"3,335.00",2.07,2.07,0,0,0,2.05,0,0,0,197,653,"1,431.00",1,545,568
2026352035,4/15/2016,"3,821.00",2.37,2.37,0,0,0,2.37,0,0,0,188,687,"1,444.00",1,523,573
2026352035,4/16/2016,"2,547.00",1.58,1.58,0,0,0,1.58,0,0,0,150,728,"1,373.00",1,524,567
2026352035,4/17/2016,838,0.52,0.52,0,0,0,0.52,0,0,0,60,"1,053.00","1,214.00",1,437,498
2026352035,4/18/2016,"3,325.00",2.06,2.06,0,0,0,2.06,0,0,0,182,"1,062.00","1,419.00",NA,NA,NA
2026352035,4/19/2016,"2,424.00",1.5,1.5,0,0,0,1.5,0,0,0,141,785,"1,356.00",1,498,540
2026352035,4/20/2016,"7,222.00",4.48,4.48,0,0,0,4.48,0,0,0,327,623,"1,667.00",1,461,510
2026352035,4/21/2016,"2,467.00",1.53,1.53,0,0,0,1.53,0,0,0,153,749,"1,370.00",1,477,514
2026352035,4/22/2016,"2,915.00",1.81,1.81,0,0,0,1.81,0,0,0,162,712,"1,399.00",1,520,545
2026352035,4/23/2016,"12,357.00",7.71,7.71,0,0,0,7.71,0,0,0,432,458,"1,916.00",1,522,554
2026352035,4/24/2016,"3,490.00",2.16,2.16,0,0,0,2.16,0,0,0,164,704,"1,401.00",1,555,591
2026352035,4/25/2016,"6,017.00",3.73,3.73,0,0,0,3.73,0,0,0,260,821,"1,576.00",1,506,531
2026352035,4/26/2016,"5,933.00",3.68,3.68,0,0,0,3.68,0,0,0,288,"1,018.00","1,595.00",NA,NA,NA
2026352035,4/27/2016,"6,088.00",3.77,3.77,0,0,0,3.77,0,0,0,286,586,"1,593.00",1,508,545
2026352035,4/28/2016,"6,375.00",3.95,3.95,0,0,0,3.95,0,0,0,331,626,"1,649.00",1,513,545
2026352035,4/29/2016,"7,604.00",4.71,4.71,0,0,0,4.71,0,0,0,352,492,"1,692.00",1,490,510
2026352035,4/30/2016,"4,729.00",2.93,2.93,0,0,0,2.93,0,0,0,233,594,"1,506.00",1,573,607
2026352035,5/1/2016,"3,609.00",2.28,2.28,0,0,0,2.28,0,0,0,191,716,"1,447.00",NA,NA,NA
2026352035,5/2/2016,"7,018.00",4.35,4.35,0,0,0,4.35,0,0,0,355,716,"1,690.00",NA,NA,NA
2026352035,5/3/2016,"5,992.00",3.72,3.72,0,0,0,3.72,0,0,0,304,981,"1,604.00",NA,NA,NA
2026352035,5/4/2016,"6,564.00",4.07,4.07,0,0,0,4.07,0,0,0,345,530,"1,658.00",NA,NA,NA
2026352035,5/5/2016,"12,167.00",7.54,7.54,0,0,0,7.54,0,0,0,475,479,"1,926.00",NA,NA,NA
2026352035,5/6/2016,"8,198.00",5.08,5.08,0,0,0,5.08,0,0,0,383,511,"1,736.00",NA,NA,NA
2026352035,5/7/2016,"4,193.00",2.6,2.6,0,0,0,2.6,0,0,0,229,665,"1,491.00",NA,NA,NA
2026352035,5/8/2016,"5,528.00",3.45,3.45,0,0,0,3.45,0,0,0,258,610,"1,555.00",NA,NA,NA
2026352035,5/9/2016,"10,685.00",6.62,6.62,0,0,0,6.6,0,0,0,401,543,"1,869.00",NA,NA,NA
2026352035,5/10/2016,254,0.16,0.16,0,0,0,0.16,0,0,0,17,"1,002.00","1,141.00",1,357,380
2026352035,5/11/2016,"8,580.00",5.32,5.32,0,0,0,5.32,0,0,0,330,569,"1,698.00",1,523,553
2026352035,5/12/2016,"8,891.00",5.51,5.51,0,0,0,5.51,0,0,0,343,330,"1,364.00",1,456,485
2320127002,4/12/2016,"10,725.00",7.49,7.49,0,1.17,0.31,6.01,0,13,9,306,"1,112.00","2,124.00",NA,NA,NA
2320127002,4/13/2016,"7,275.00",4.9,4.9,0,0,0,4.9,0,0,0,335,"1,105.00","2,003.00",NA,NA,NA
2320127002,4/14/2016,"3,973.00",2.68,2.68,0,0,0,2.68,0,0,0,191,"1,249.00","1,696.00",NA,NA,NA
2320127002,4/15/2016,"5,205.00",3.51,3.51,0,0,0,3.51,0,0,0,245,"1,195.00","1,801.00",NA,NA,NA
2320127002,4/16/2016,"5,057.00",3.41,3.41,0,0,0,3.4,0,0,0,195,"1,245.00","1,724.00",NA,NA,NA
2320127002,4/17/2016,"6,198.00",4.18,4.18,0,0,0,4.18,0,0,0,249,"1,191.00","1,852.00",NA,NA,NA
2320127002,4/18/2016,"6,559.00",4.42,4.42,0,0,0.26,4.14,0,0,7,260,"1,173.00","1,905.00",NA,NA,NA
2320127002,4/19/2016,"5,997.00",4.04,4.04,0,0,0.38,3.66,0,0,11,228,"1,201.00","1,811.00",NA,NA,NA
2320127002,4/20/2016,"7,192.00",4.85,4.85,0,0,0.49,4.34,0,0,11,283,"1,146.00","1,922.00",NA,NA,NA
2320127002,4/21/2016,"3,404.00",2.29,2.29,0,0.06,0.42,1.81,0,1,10,127,"1,302.00","1,610.00",NA,NA,NA
2320127002,4/22/2016,"5,583.00",3.76,3.76,0,0,0,3.76,0,0,0,266,"1,174.00","1,851.00",NA,NA,NA
2320127002,4/23/2016,"5,079.00",3.42,3.42,0,0,0,3.42,0,0,0,242,"1,129.00","1,804.00",1,61,69
2320127002,4/24/2016,"4,165.00",2.81,2.81,0,0,0,2.8,0,0,0,204,"1,236.00","1,725.00",NA,NA,NA
2320127002,4/25/2016,"3,588.00",2.42,2.42,0,0.23,0.2,1.99,0,3,5,152,"1,280.00","1,654.00",NA,NA,NA
2320127002,4/26/2016,"3,409.00",2.3,2.3,0,0,0,2.3,0,0,0,147,"1,293.00","1,632.00",NA,NA,NA
2320127002,4/27/2016,"1,715.00",1.16,1.16,0,0,0,1.16,0,0,0,82,"1,358.00","1,481.00",NA,NA,NA
2320127002,4/28/2016,"1,532.00",1.03,1.03,0,0,0,1.03,0,0,0,76,"1,364.00","1,473.00",NA,NA,NA
2320127002,4/29/2016,924,0.62,0.62,0,0,0,0.62,0,0,0,45,"1,395.00","1,410.00",NA,NA,NA
2320127002,4/30/2016,"4,571.00",3.08,3.08,0,0,0,3.07,0,0,0,234,"1,206.00","1,779.00",NA,NA,NA
2320127002,5/1/2016,772,0.52,0.52,0,0,0,0.52,0,0,0,40,"1,400.00","1,403.00",NA,NA,NA
2320127002,5/2/2016,"3,634.00",2.45,2.45,0,0.36,0.21,1.88,0,5,6,123,"1,306.00","1,613.00",NA,NA,NA
2320127002,5/3/2016,"7,443.00",5.02,5.02,0,1.49,0.37,3.16,0,20,10,206,"1,204.00","1,878.00",NA,NA,NA
2320127002,5/4/2016,"1,201.00",0.81,0.81,0,0,0,0.81,0,0,0,52,"1,388.00","1,426.00",NA,NA,NA
2320127002,5/5/2016,"5,202.00",3.51,3.51,0,0,0.39,3.11,0,0,11,223,"1,206.00","1,780.00",NA,NA,NA
2320127002,5/6/2016,"4,878.00",3.29,3.29,0,0,0,3.29,0,0,0,204,"1,236.00","1,742.00",NA,NA,NA
2320127002,5/7/2016,"7,379.00",4.97,4.97,0,0,0,4.97,0,0,0,319,"1,121.00","1,972.00",NA,NA,NA
2320127002,5/8/2016,"5,161.00",3.48,3.48,0,0,0,3.47,0,0,0,247,"1,193.00","1,821.00",NA,NA,NA
2320127002,5/9/2016,"3,090.00",2.08,2.08,0,0,0,2.08,0,0,0,145,"1,295.00","1,630.00",NA,NA,NA
2320127002,5/10/2016,"6,227.00",4.2,4.2,0,0,0,4.2,0,0,0,290,"1,150.00","1,899.00",NA,NA,NA
2320127002,5/11/2016,"6,424.00",4.33,4.33,0,0,0,4.33,0,0,0,300,"1,140.00","1,903.00",NA,NA,NA
2320127002,5/12/2016,"2,661.00",1.79,1.79,0,0,0,1.79,0,0,0,128,830,"1,125.00",NA,NA,NA
2347167796,4/12/2016,"10,113.00",6.83,6.83,0,2,0.62,4.2,0,28,13,320,964,"2,344.00",NA,NA,NA
2347167796,4/13/2016,"10,352.00",7.01,7.01,0,1.66,1.94,3.41,0,19,32,195,676,"2,038.00",1,467,531
2347167796,4/14/2016,"10,129.00",6.7,6.7,0,0.02,2.74,3.94,0,1,48,206,705,"2,010.00",1,445,489
2347167796,4/15/2016,"10,465.00",6.92,6.92,0,0.07,1.42,5.43,0,1,24,284,720,"2,133.00",1,452,504
2347167796,4/16/2016,"22,244.00",15.08,15.08,0,5.45,4.1,5.53,0,66,72,268,968,"2,670.00",NA,NA,NA
2347167796,4/17/2016,"5,472.00",3.62,3.62,0,0.08,0.28,3.26,0,1,7,249,508,"1,882.00",1,556,602
2347167796,4/18/2016,"8,247.00",5.45,5.45,0,0.79,0.86,3.79,0,11,16,206,678,"1,944.00",1,500,557
2347167796,4/19/2016,"6,711.00",4.44,4.44,0,0,0,4.44,0,0,7,382,648,"2,346.00",1,465,514
2347167796,4/20/2016,"10,999.00",7.27,7.27,0,0.68,1.81,4.78,0,11,43,269,"1,011.00","2,198.00",NA,NA,NA
2347167796,4/21/2016,"10,080.00",6.75,6.75,0,1.85,1.53,3.38,0,23,26,208,761,"2,048.00",1,460,484
2347167796,4/22/2016,"7,804.00",5.16,5.16,0,0.56,1.68,2.92,0,9,27,206,781,"1,946.00",1,405,461
2347167796,4/23/2016,"16,901.00",11.37,11.37,0,2.78,1.45,7.15,0,32,35,360,591,"2,629.00",1,374,386
2347167796,4/24/2016,"9,471.00",6.26,6.26,0,0,0,6.26,0,0,0,360,584,"2,187.00",1,442,459
2347167796,4/25/2016,"9,482.00",6.38,6.38,0,1.27,0.52,4.6,0,15,11,277,653,"2,095.00",1,433,471
2347167796,4/26/2016,"5,980.00",3.95,3.95,0,0,0,3.95,0,0,0,227,732,"1,861.00",1,436,490
2347167796,4/27/2016,"11,423.00",7.58,7.58,0,1.86,0.4,5.32,0,26,9,295,623,"2,194.00",1,448,499
2347167796,4/28/2016,"5,439.00",3.6,3.6,0,0,0,3.6,0,0,0,229,764,"1,854.00",1,408,450
2347167796,4/29/2016,42,0.03,0.03,0,0,0,0.03,0,0,0,4,2,403,1,411,473
2873212765,4/12/2016,"8,796.00",5.91,5.91,0,0.11,0.93,4.88,0,2,21,356,"1,061.00","1,982.00",NA,NA,NA
2873212765,4/13/2016,"7,618.00",5.12,5.12,0,0,0.22,4.88,0.02,0,8,404,"1,028.00","2,004.00",NA,NA,NA
2873212765,4/14/2016,"7,910.00",5.32,5.32,0,0,0,5.32,0,0,0,331,"1,109.00","1,893.00",NA,NA,NA
2873212765,4/15/2016,"8,482.00",5.7,5.7,0,0,0,5.69,0.01,0,0,448,992,"2,063.00",NA,NA,NA
2873212765,4/16/2016,"9,685.00",6.65,6.65,0,3.11,0.02,3.51,0.01,47,1,305,"1,087.00","2,148.00",NA,NA,NA
2873212765,4/17/2016,"2,524.00",1.7,1.7,0,0,0.35,1.34,0,0,8,160,"1,272.00","1,529.00",NA,NA,NA
2873212765,4/18/2016,"7,762.00",5.24,5.24,0,0.07,0.28,4.89,0,1,6,311,"1,122.00","1,890.00",NA,NA,NA
2873212765,4/19/2016,"7,948.00",5.37,5.37,0,0,0,5.36,0,0,0,389,"1,051.00","1,956.00",NA,NA,NA
2873212765,4/20/2016,"9,202.00",6.3,6.3,0,1.51,0.12,4.66,0.01,22,5,378,"1,035.00","2,094.00",NA,NA,NA
2873212765,4/21/2016,"8,859.00",5.98,5.98,0,0.13,0.37,5.47,0.01,2,10,371,"1,057.00","1,970.00",NA,NA,NA
2873212765,4/22/2016,"7,286.00",4.9,4.9,0,0.46,0,4.42,0.02,46,0,366,"1,028.00","2,241.00",NA,NA,NA
2873212765,4/23/2016,"9,317.00",6.35,6.35,0,2.09,0.23,4.02,0.01,28,5,330,"1,077.00","2,021.00",NA,NA,NA
2873212765,4/24/2016,"6,873.00",4.68,4.68,0,3,0.06,1.62,0,46,1,190,"1,203.00","1,898.00",NA,NA,NA
2873212765,4/25/2016,"7,373.00",4.95,4.95,0,0,0,4.95,0,0,0,359,"1,081.00","1,907.00",NA,NA,NA
2873212765,4/26/2016,"8,242.00",5.54,5.54,0,0.12,0.18,5.24,0,2,5,309,"1,124.00","1,882.00",NA,NA,NA
2873212765,4/27/2016,"3,516.00",2.36,2.36,0,0,0,2.36,0,46,0,197,"1,197.00","1,966.00",NA,NA,NA
2873212765,4/28/2016,"7,913.00",5.41,5.41,0,2.16,0.34,2.91,0,28,7,213,"1,192.00","1,835.00",NA,NA,NA
2873212765,4/29/2016,"7,365.00",4.95,4.95,0,1.36,1.41,2.18,0,20,23,206,"1,191.00","1,780.00",NA,NA,NA
2873212765,4/30/2016,"8,452.00",5.68,5.68,0,0.33,1.08,4.26,0.01,5,20,248,"1,167.00","1,830.00",NA,NA,NA
2873212765,5/1/2016,"7,399.00",4.97,4.97,0,0.49,1.04,3.44,0,7,18,196,"1,219.00","1,739.00",NA,NA,NA
2873212765,5/2/2016,"7,525.00",5.06,5.06,0,0,0.21,4.83,0.02,0,7,334,"1,099.00","1,878.00",NA,NA,NA
2873212765,5/3/2016,"7,412.00",4.98,4.98,0,0.06,0.25,4.66,0.01,1,6,363,"1,070.00","1,906.00",NA,NA,NA
2873212765,5/4/2016,"8,278.00",5.56,5.56,0,0,0,5.56,0,0,0,420,"1,020.00","2,015.00",NA,NA,NA
2873212765,5/5/2016,"8,314.00",5.61,5.61,0,0.78,0.8,4.03,0,13,23,311,"1,093.00","1,971.00",NA,NA,NA
2873212765,5/6/2016,"7,063.00",4.75,4.75,0,0,0.12,4.61,0.01,0,5,370,"1,065.00","1,910.00",NA,NA,NA
2873212765,5/7/2016,"4,940.00",3.38,3.38,0,2.28,0.55,0.55,0,75,11,52,"1,302.00","1,897.00",NA,NA,NA
2873212765,5/8/2016,"8,168.00",5.54,5.54,0,2.9,0,2.64,0,46,0,326,"1,068.00","2,096.00",NA,NA,NA
2873212765,5/9/2016,"7,726.00",5.19,5.19,0,0,0,5.19,0,0,0,345,"1,095.00","1,906.00",NA,NA,NA
2873212765,5/10/2016,"8,275.00",5.56,5.56,0,0,0,5.55,0.01,0,0,373,"1,067.00","1,962.00",NA,NA,NA
2873212765,5/11/2016,"6,440.00",4.33,4.33,0,0,0,4.32,0.01,0,0,319,"1,121.00","1,826.00",NA,NA,NA
2873212765,5/12/2016,"7,566.00",5.11,5.11,0,0,0,5.11,0,0,0,268,720,"1,431.00",NA,NA,NA
3372868164,4/12/2016,"4,747.00",3.24,3.24,0,0,0,3.23,0.01,0,0,280,"1,160.00","1,788.00",NA,NA,NA
3372868164,4/13/2016,"9,715.00",6.63,6.63,0,0.99,0.34,5.27,0.02,16,8,371,"1,045.00","2,093.00",NA,NA,NA
3372868164,4/14/2016,"8,844.00",6.03,6.03,0,0.34,1.03,4.65,0.01,6,25,370,"1,039.00","2,065.00",NA,NA,NA
3372868164,4/15/2016,"7,451.00",5.08,5.08,0,0,0,5.06,0.02,0,0,335,"1,105.00","1,908.00",NA,NA,NA
3372868164,4/16/2016,"6,905.00",4.73,4.73,0,0,0,4.7,0.03,0,0,356,"1,084.00","1,908.00",NA,NA,NA
3372868164,4/17/2016,"8,199.00",5.88,5.88,0,1.41,0.1,4.36,0.01,11,2,322,"1,105.00","1,964.00",NA,NA,NA
3372868164,4/18/2016,"6,798.00",4.64,4.64,0,1.08,0.2,3.35,0,20,7,343,"1,070.00","2,014.00",NA,NA,NA
3372868164,4/19/2016,"7,711.00",5.26,5.26,0,0,0,5.24,0.02,0,0,376,"1,064.00","1,985.00",NA,NA,NA
3372868164,4/20/2016,"4,880.00",3.33,3.33,0,0.84,0.09,2.38,0.02,15,3,274,"1,148.00","1,867.00",NA,NA,NA
3372868164,4/21/2016,"8,857.00",6.07,6.07,0,1.15,0.26,4.64,0.01,18,9,376,"1,037.00","2,124.00",NA,NA,NA
3372868164,4/22/2016,"3,843.00",2.62,2.62,0,0,0,2.61,0.01,0,0,206,"1,234.00","1,669.00",NA,NA,NA
3372868164,4/23/2016,"7,396.00",5.07,5.07,0,1.4,0.08,3.58,0,20,2,303,"1,115.00","1,995.00",NA,NA,NA
3372868164,4/24/2016,"6,731.00",4.59,4.59,0,0.89,0.19,3.49,0.02,14,7,292,"1,127.00","1,921.00",NA,NA,NA
3372868164,4/25/2016,"5,995.00",4.09,4.09,0,0,0,4.09,0,0,0,416,"1,024.00","2,010.00",NA,NA,NA
3372868164,4/26/2016,"8,283.00",5.79,5.79,0,1.85,0.05,3.87,0.01,22,2,333,"1,083.00","2,057.00",NA,NA,NA
3372868164,4/27/2016,"7,904.00",5.42,5.42,0,1.58,0.63,3.19,0.01,24,13,346,"1,057.00","2,095.00",NA,NA,NA
3372868164,4/28/2016,"5,512.00",3.76,3.76,0,0,0,3.76,0,0,0,385,"1,055.00","1,972.00",NA,NA,NA
3372868164,4/29/2016,"9,135.00",6.23,6.23,0,0,0,6.22,0.01,0,0,402,"1,038.00","2,044.00",NA,NA,NA
3372868164,4/30/2016,"5,250.00",3.58,3.58,0,1.06,0.09,2.42,0.01,17,4,300,"1,119.00","1,946.00",NA,NA,NA
3372868164,5/1/2016,"3,077.00",2.1,2.1,0,0,0,2.09,0,0,0,172,842,"1,237.00",NA,NA,NA
3977333714,4/12/2016,"8,856.00",5.98,5.98,0,3.06,0.91,2.01,0,44,19,131,777,"1,450.00",1,274,469
3977333714,4/13/2016,"10,035.00",6.71,6.71,0,2.03,2.13,2.55,0,31,46,153,754,"1,495.00",2,295,456
3977333714,4/14/2016,"7,641.00",5.11,5.11,0,0.32,0.97,3.82,0,5,23,214,801,"1,433.00",1,291,397
3977333714,4/15/2016,"9,010.00",6.06,6.06,0,1.05,1.75,3.26,0,15,42,183,644,"1,468.00",1,424,556
3977333714,4/16/2016,"13,459.00",9,9,0,2.03,4,2.97,0,31,83,153,663,"1,625.00",1,283,510
3977333714,4/17/2016,"10,415.00",6.97,6.97,0,0.7,2.35,3.92,0,11,58,205,600,"1,529.00",1,381,566
3977333714,4/18/2016,"11,663.00",7.8,7.8,0,0.25,3.73,3.82,0,4,95,214,605,"1,584.00",2,412,522
3977333714,4/19/2016,"12,414.00",8.78,8.78,0,2.24,2.45,3.96,0,19,67,221,738,"1,638.00",1,219,395
3977333714,4/20/2016,"11,658.00",7.83,7.83,0,0.2,4.35,3.28,0,2,98,164,845,"1,554.00",2,152,305
3977333714,4/21/2016,"6,093.00",4.08,4.08,0,0,0,4.06,0,0,0,242,712,"1,397.00",1,332,512
3977333714,4/22/2016,"8,911.00",5.96,5.96,0,2.33,0.58,3.06,0,33,12,188,731,"1,481.00",1,355,476
3977333714,4/23/2016,"12,058.00",8.07,8.07,0,0,4.22,3.85,0,0,92,252,724,"1,638.00",1,235,372
3977333714,4/24/2016,"14,112.00",10,10,0,3.27,4.56,2.17,0,30,95,129,660,"1,655.00",1,310,526
3977333714,4/25/2016,"11,177.00",8.48,8.48,0,5.62,0.43,2.41,0,50,9,133,781,"1,570.00",1,262,467
3977333714,4/26/2016,"11,388.00",7.62,7.62,0,0.45,4.22,2.95,0,7,95,170,797,"1,551.00",1,250,371
3977333714,4/27/2016,"7,193.00",5.04,5.04,0,0,0.42,4.62,0,0,10,176,714,"1,377.00",1,349,540
3977333714,4/28/2016,"7,114.00",4.88,4.88,0,1.37,0.29,3.22,0,15,8,190,804,"1,407.00",1,261,423
3977333714,4/29/2016,"10,645.00",7.75,7.75,0,3.74,1.3,2.71,0,36,32,150,744,"1,545.00",1,333,478
3977333714,4/30/2016,"13,238.00",9.2,9.2,0,3.69,2.1,3.41,0,43,52,194,687,"1,650.00",1,237,382
3977333714,5/1/2016,"10,414.00",7.07,7.07,0,2.67,1.98,2.41,0,41,40,124,691,"1,501.00",NA,NA,NA
3977333714,5/2/2016,"16,520.00",11.05,11.05,0,1.54,6.48,3.02,0,24,143,176,713,"1,760.00",NA,NA,NA
3977333714,5/3/2016,"14,335.00",9.59,9.59,0,3.32,1.74,4.53,0,47,41,258,594,"1,710.00",NA,NA,NA
3977333714,5/4/2016,"13,559.00",9.44,9.44,0,1.81,4.58,2.89,0,14,96,142,852,"1,628.00",NA,NA,NA
3977333714,5/5/2016,"12,312.00",8.58,8.58,0,1.76,4.11,2.71,0,14,88,178,680,"1,618.00",NA,NA,NA
3977333714,5/6/2016,"11,677.00",8.28,8.28,0,3.11,2.51,2.67,0,29,55,168,676,"1,590.00",NA,NA,NA
3977333714,5/7/2016,"11,550.00",7.73,7.73,0,0,4.13,3.59,0,0,86,208,703,"1,574.00",NA,NA,NA
3977333714,5/8/2016,"13,585.00",9.09,9.09,0,0.68,5.24,3.17,0,9,116,171,688,"1,633.00",NA,NA,NA
3977333714,5/9/2016,"14,687.00",10.08,10.08,0,0.77,5.6,3.55,0,8,122,151,"1,159.00","1,667.00",NA,NA,NA
3977333714,5/10/2016,"13,072.00",8.78,8.78,0,0.07,5.4,3.31,0,1,115,196,676,"1,630.00",1,312,452
3977333714,5/11/2016,746,0.5,0.5,0,0.37,0,0.13,0,4,0,9,13,52,NA,NA,NA
4020332650,4/12/2016,"8,539.00",6.12,6.12,0,0.15,0.24,5.68,0,4,15,331,712,"3,654.00",1,501,541
4020332650,4/14/2016,108,0.08,0.08,0,0,0,0.03,0,0,0,3,"1,437.00","2,011.00",NA,NA,NA
4020332650,4/15/2016,"1,882.00",1.35,1.35,0,0.21,0.36,0.77,0,36,18,87,"1,299.00","2,951.00",NA,NA,NA
4020332650,4/16/2016,"1,982.00",1.42,1.42,0,0.45,0.37,0.59,0,65,21,55,"1,222.00","3,051.00",1,77,77
4020332650,4/17/2016,16,0.01,0.01,0,0,0,0.01,0,0,0,2,"1,438.00","1,990.00",NA,NA,NA
4020332650,4/18/2016,62,0.04,0.04,0,0,0,0.04,0,0,0,2,"1,438.00","1,995.00",NA,NA,NA
4020332650,5/2/2016,475,0.34,0.34,0,0,0.04,0.29,0,0,11,31,"1,350.00","2,207.00",NA,NA,NA
4020332650,5/3/2016,"4,496.00",3.22,3.22,0,0,0,3.15,0.05,0,0,174,950,"2,828.00",NA,NA,NA
4020332650,5/4/2016,"10,252.00",7.35,7.35,0,0.67,1.04,5.58,0,13,46,346,531,"3,879.00",NA,NA,NA
4020332650,5/5/2016,"11,728.00",8.43,8.43,0,2.62,1.68,4.04,0.07,38,42,196,916,"3,429.00",NA,NA,NA
4020332650,5/6/2016,"4,369.00",3.13,3.13,0,0,0,3.1,0.01,0,0,177,855,"2,704.00",NA,NA,NA
4020332650,5/7/2016,"6,132.00",4.4,4.4,0,0,0,3.58,0,0,0,184,"1,256.00","2,975.00",NA,NA,NA
4020332650,5/8/2016,"5,862.00",4.2,4.2,0,0,0,4.15,0,0,0,263,775,"3,089.00",NA,NA,NA
4020332650,5/9/2016,"4,556.00",3.27,3.27,0,0.2,0.12,2.94,0,3,5,173,"1,225.00","2,785.00",NA,NA,NA
4020332650,5/10/2016,"5,546.00",3.98,3.98,0,0,0,3.87,0.04,0,0,206,774,"2,926.00",1,442,494
4020332650,5/11/2016,"3,689.00",2.65,2.65,0,0.11,0.17,2.33,0,2,8,134,"1,296.00","2,645.00",NA,NA,NA
4020332650,5/12/2016,590,0.42,0.42,0,0,0,0.41,0,0,0,21,721,"1,120.00",NA,NA,NA
4057192912,4/12/2016,"5,394.00",4.03,4.03,0,0,0,3.94,0,0,0,164,"1,276.00","2,286.00",NA,NA,NA
4057192912,4/13/2016,"5,974.00",4.47,4.47,0,0,0,4.37,0,0,0,160,"1,280.00","2,306.00",NA,NA,NA
4057192912,4/15/2016,"3,984.00",2.95,2.95,0,0.21,0.26,2.44,0,3,6,88,873,"1,527.00",NA,NA,NA
4319703577,4/12/2016,"7,753.00",5.2,5.2,0,0,0,0,0,0,0,0,"1,440.00","2,115.00",NA,NA,NA
4319703577,4/13/2016,"8,204.00",5.5,5.5,0,0.53,0.59,1.31,0,8,15,96,"1,234.00","2,135.00",NA,NA,NA
4319703577,4/14/2016,"10,210.00",6.88,6.88,0,0.11,0.33,6.44,0,1,9,339,589,"2,302.00",1,535,557
4319703577,4/15/2016,"5,664.00",3.8,3.8,0,0,0,3.8,0,0,0,228,752,"1,985.00",1,465,491
4319703577,4/16/2016,"4,744.00",3.18,3.18,0,0,0,3.18,0,0,0,194,724,"1,884.00",1,506,522
4319703577,4/17/2016,29,0.02,0.02,0,0,0,0.02,0,0,0,3,"1,363.00","1,464.00",NA,NA,NA
4319703577,4/18/2016,"2,276.00",1.55,1.55,0,0.07,0.33,1.12,0,1,9,58,824,"1,632.00",1,515,551
4319703577,4/19/2016,"8,925.00",5.99,5.99,0,0,0,5.99,0,0,0,311,604,"2,200.00",2,461,498
4319703577,4/20/2016,"8,954.00",6.01,6.01,0,0,0.68,5.31,0,0,18,306,671,"2,220.00",1,523,543
4319703577,4/21/2016,"3,702.00",2.48,2.48,0,0,0,0.35,0,0,0,34,"1,265.00","1,792.00",1,59,65
4319703577,4/22/2016,"4,500.00",3.02,3.02,0,0.06,0.81,2.15,0,1,19,176,709,"1,886.00",1,533,550
4319703577,4/23/2016,"4,935.00",3.31,3.31,0,0,0,3.31,0,0,0,233,546,"1,945.00",1,692,722
4319703577,4/24/2016,"4,081.00",2.74,2.74,0,0.06,0.2,2.47,0,1,5,191,692,"1,880.00",1,467,501
4319703577,4/25/2016,"9,259.00",6.21,6.21,0,0,0.28,5.93,0,0,8,390,544,"2,314.00",1,488,506
4319703577,4/26/2016,"9,899.00",6.64,6.64,0,0.57,0.92,5.15,0,8,21,288,649,"2,236.00",1,505,516
4319703577,4/27/2016,"10,780.00",7.23,7.23,0,0.41,1.92,4.91,0,6,47,300,680,"2,324.00",1,286,307
4319703577,4/28/2016,"10,817.00",7.28,7.28,0,1.01,0.33,5.94,0,13,8,359,552,"2,367.00",1,497,522
4319703577,4/29/2016,"7,990.00",5.36,5.36,0,0.45,0.79,4.12,0,6,18,289,624,"2,175.00",1,523,546
4319703577,4/30/2016,"8,221.00",5.52,5.52,0,0.4,1.61,3.51,0,6,38,196,695,"2,092.00",1,490,516
4319703577,5/1/2016,"1,251.00",0.84,0.84,0,0,0,0.84,0,0,0,67,836,"1,593.00",NA,NA,NA
4319703577,5/2/2016,"9,261.00",6.24,6.24,0,0,0.44,5.71,0,0,11,344,585,"2,270.00",NA,NA,NA
4319703577,5/3/2016,"9,648.00",6.47,6.47,0,0.58,1.07,4.83,0,8,26,287,669,"2,235.00",NA,NA,NA
4319703577,5/4/2016,"10,429.00",7.02,7.02,0,0.59,0.58,5.85,0,8,13,313,"1,106.00","2,282.00",NA,NA,NA
4319703577,5/5/2016,"13,658.00",9.49,9.49,0,2.63,1.41,5.45,0,27,34,328,957,"2,530.00",NA,NA,NA
4319703577,5/6/2016,"9,524.00",6.42,6.42,0,0.41,0.47,5.46,0,6,11,314,692,"2,266.00",NA,NA,NA
4319703577,5/7/2016,"7,937.00",5.33,5.33,0,0.19,1.05,4.08,0,3,28,279,586,"2,158.00",NA,NA,NA
4319703577,5/8/2016,"3,672.00",2.46,2.46,0,0,0,2.46,0,0,0,153,603,"1,792.00",NA,NA,NA
4319703577,5/9/2016,"10,378.00",6.96,6.96,0,0.14,0.56,6.25,0,2,14,374,490,"2,345.00",NA,NA,NA
4319703577,5/10/2016,"9,487.00",6.37,6.37,0,0.21,0.46,5.7,0,3,12,329,555,"2,260.00",1,487,517
4319703577,5/11/2016,"9,129.00",6.13,6.13,0,0.2,0.74,5.18,0,3,18,311,574,"2,232.00",1,529,558
4319703577,5/12/2016,17,0.01,0.01,0,0,0,0.01,0,0,0,2,0,257,1,302,321
4388161847,4/12/2016,"10,122.00",7.78,7.78,0,0,0,0,0,0,0,0,"1,440.00","2,955.00",NA,NA,NA
4388161847,4/13/2016,"10,993.00",8.45,8.45,0,0.06,0.63,3.88,0,1,14,150,"1,275.00","3,092.00",NA,NA,NA
4388161847,4/14/2016,"8,863.00",6.82,6.82,0,0.13,1.07,5.62,0,10,35,219,945,"2,998.00",NA,NA,NA
4388161847,4/15/2016,"8,758.00",6.73,6.73,0,0,0,6.73,0,0,0,299,837,"3,066.00",1,499,526
4388161847,4/16/2016,"6,580.00",5.06,5.06,0,0.21,0.4,4.45,0,6,9,253,609,"3,073.00",2,426,448
4388161847,4/17/2016,"4,660.00",3.58,3.58,0,0,0,3.58,0,0,0,201,721,"2,572.00",2,619,641
4388161847,4/18/2016,"11,009.00",9.1,9.1,0,3.56,0.4,5.14,0,27,8,239,"1,017.00","3,274.00",1,99,104
4388161847,4/19/2016,"10,181.00",7.83,7.83,0,1.37,0.69,5.77,0,20,16,249,704,"3,015.00",1,329,338
4388161847,4/20/2016,"10,553.00",8.12,8.12,0,1.1,1.72,5.29,0,19,42,228,696,"3,083.00",1,421,451
4388161847,4/21/2016,"10,055.00",7.73,7.73,0,0.37,0.39,6.98,0,7,12,272,853,"3,069.00",1,442,458
4388161847,4/22/2016,"12,139.00",9.34,9.34,0,3.3,1.11,4.92,0,77,25,220,945,"3,544.00",1,82,85
4388161847,4/23/2016,"13,236.00",10.18,10.18,0,4.5,0.32,5.35,0,58,5,215,749,"3,306.00",1,478,501
4388161847,4/24/2016,"10,243.00",7.88,7.88,0,1.08,0.51,6.3,0,14,8,239,584,"2,885.00",3,552,595
4388161847,4/25/2016,"12,961.00",9.97,9.97,0,0.73,1.4,7.84,0,11,31,301,"1,054.00","3,288.00",NA,NA,NA
4388161847,4/26/2016,"9,461.00",7.28,7.28,0,0.94,1.06,5.27,0,14,23,224,673,"2,929.00",1,319,346
4388161847,4/27/2016,"11,193.00",8.61,8.61,0,0.7,2.51,5.39,0,11,48,241,684,"3,074.00",1,439,500
4388161847,4/28/2016,"10,074.00",7.75,7.75,0,1.29,0.43,6.03,0,19,9,234,878,"2,969.00",1,428,458
4388161847,4/29/2016,"9,232.00",7.1,7.1,0,0.8,0.89,5.42,0,13,16,236,"1,175.00","2,979.00",NA,NA,NA
4388161847,4/30/2016,"12,533.00",9.64,9.64,0,0.7,2,6.94,0,14,43,300,537,"3,283.00",2,409,430
4388161847,5/1/2016,"10,255.00",7.89,7.89,0,1.01,0.68,6.2,0,12,15,241,579,"2,926.00",NA,NA,NA
4388161847,5/2/2016,"10,096.00",8.4,8.4,0,3.77,0.08,4.55,0,33,4,204,935,"3,147.00",NA,NA,NA
4388161847,5/3/2016,"12,727.00",9.79,9.79,0,1.13,0.78,7.88,0,18,18,306,984,"3,290.00",NA,NA,NA
4388161847,5/4/2016,"12,375.00",9.52,9.52,0,2.79,0.93,5.8,0,35,21,251,632,"3,162.00",NA,NA,NA
4388161847,5/5/2016,"9,603.00",7.38,7.38,0,0.63,1.67,5.09,0,12,39,199,896,"2,899.00",NA,NA,NA
4388161847,5/6/2016,"13,175.00",10.13,10.13,0,2.11,2.09,5.93,0,33,45,262,"1,100.00","3,425.00",NA,NA,NA
4388161847,5/7/2016,"22,770.00",17.54,17.54,0,9.45,2.77,5.33,0,120,56,260,508,"4,022.00",NA,NA,NA
4388161847,5/8/2016,"17,298.00",14.38,14.38,0,9.89,1.26,3.23,0,107,38,178,576,"3,934.00",NA,NA,NA
4388161847,5/9/2016,"10,218.00",7.86,7.86,0,0.34,0.73,6.79,0,6,19,258,"1,020.00","3,013.00",NA,NA,NA
4388161847,5/10/2016,"10,299.00",7.92,7.92,0,0.81,0.65,6.46,0,13,14,267,648,"3,061.00",1,354,375
4388161847,5/11/2016,"10,201.00",7.84,7.84,0,0.53,0.79,6.53,0,8,18,256,858,"2,954.00",1,469,494
4388161847,5/12/2016,"3,369.00",2.59,2.59,0,0,0,2.59,0,0,0,108,825,"1,623.00",NA,NA,NA
4445114986,4/12/2016,"3,276.00",2.2,2.2,0,0,0,2.2,0,0,0,196,787,"2,113.00",2,429,457
4445114986,4/13/2016,"2,961.00",1.99,1.99,0,0,0,1.99,0,0,0,194,840,"2,095.00",2,370,406
4445114986,4/14/2016,"3,974.00",2.67,2.67,0,0,0,2.67,0,0,0,231,717,"2,194.00",1,441,492
4445114986,4/15/2016,"7,198.00",4.83,4.83,0,0,0,4.83,0,0,0,350,711,"2,496.00",2,337,379
4445114986,4/16/2016,"3,945.00",2.65,2.65,0,0,0,2.65,0,0,0,225,716,"2,180.00",1,462,499
4445114986,4/17/2016,"2,268.00",1.52,1.52,0,0,0,1.52,0,0,0,114,"1,219.00","1,933.00",1,98,107
4445114986,4/18/2016,"6,155.00",4.24,4.24,0,2,0.29,1.95,0,25,6,162,"1,247.00","2,248.00",NA,NA,NA
4445114986,4/19/2016,"2,064.00",1.39,1.39,0,0,0,1.39,0,0,0,121,895,"1,954.00",2,388,424
4445114986,4/20/2016,"2,072.00",1.39,1.39,0,0,0,1.39,0,0,0,137,841,"1,974.00",1,439,462
4445114986,4/21/2016,"3,809.00",2.56,2.56,0,0,0,2.54,0,0,0,215,756,"2,150.00",1,436,469
4445114986,4/22/2016,"6,831.00",4.58,4.58,0,0,0,4.58,0,0,0,317,706,"2,432.00",1,388,417
4445114986,4/23/2016,"4,363.00",2.93,2.93,0,0,0,2.93,0,0,0,201,"1,239.00","2,149.00",NA,NA,NA
4445114986,4/24/2016,"5,002.00",3.36,3.36,0,0,0,3.36,0,0,0,244,"1,196.00","2,247.00",NA,NA,NA
4445114986,4/25/2016,"3,385.00",2.27,2.27,0,0,0,2.27,0,0,0,179,916,"2,070.00",1,328,345
4445114986,4/26/2016,"6,326.00",4.41,4.41,0,2.41,0.04,1.96,0,29,1,180,839,"2,291.00",2,353,391
4445114986,4/27/2016,"7,243.00",5.03,5.03,0,2.62,0.03,2.38,0,32,1,194,839,"2,361.00",1,332,374
4445114986,4/28/2016,"4,493.00",3.01,3.01,0,0,0,3.01,0,0,0,236,762,"2,203.00",1,419,442
4445114986,4/29/2016,"4,676.00",3.14,3.14,0,0,0,3.13,0,0,0,226,"1,106.00","2,196.00",1,106,108
4445114986,4/30/2016,"6,222.00",4.18,4.18,0,0,0,4.18,0,0,0,290,797,"2,363.00",1,322,353
4445114986,5/1/2016,"5,232.00",3.51,3.51,0,0,0,3.51,0,0,0,240,741,"2,246.00",NA,NA,NA
4445114986,5/2/2016,"6,910.00",4.75,4.75,0,2.21,0.19,2.35,0,27,4,200,667,"2,336.00",NA,NA,NA
4445114986,5/3/2016,"7,502.00",5.18,5.18,0,2.48,0.11,2.58,0,30,2,233,725,"2,421.00",NA,NA,NA
4445114986,5/4/2016,"2,923.00",1.96,1.96,0,0,0,1.96,0,0,0,180,897,"2,070.00",NA,NA,NA
4445114986,5/5/2016,"3,800.00",2.55,2.55,0,0.12,0.24,2.18,0,2,6,185,734,"2,120.00",NA,NA,NA
4445114986,5/6/2016,"4,514.00",3.03,3.03,0,0,0,3.03,0,0,0,229,809,"2,211.00",NA,NA,NA
4445114986,5/7/2016,"5,183.00",3.59,3.59,0,2.13,0.19,1.25,0,26,4,108,866,"2,123.00",NA,NA,NA
4445114986,5/8/2016,"7,303.00",4.9,4.9,0,0,0.25,4.65,0,0,8,308,733,"2,423.00",NA,NA,NA
4445114986,5/9/2016,"5,275.00",3.54,3.54,0,0,0,3.54,0,0,0,266,641,"2,281.00",NA,NA,NA
4445114986,5/10/2016,"3,915.00",2.63,2.63,0,0,0,2.63,0,0,0,231,783,"2,181.00",1,405,426
4445114986,5/11/2016,"9,105.00",6.11,6.11,0,2.25,1,2.86,0,34,22,232,622,"2,499.00",1,499,530
4445114986,5/12/2016,768,0.52,0.52,0,0,0,0.52,0,0,0,58,380,"1,212.00",1,483,501
4558609924,4/12/2016,"5,135.00",3.39,3.39,0,0,0,3.39,0,0,0,318,"1,122.00","1,909.00",NA,NA,NA
4558609924,4/13/2016,"4,978.00",3.29,3.29,0,1.24,0.44,1.61,0,19,7,127,"1,287.00","1,722.00",NA,NA,NA
4558609924,4/14/2016,"6,799.00",4.49,4.49,0,0,0,4.49,0,0,0,279,"1,161.00","1,922.00",NA,NA,NA
4558609924,4/15/2016,"7,795.00",5.15,5.15,0,0.59,0.84,3.73,0,17,30,262,"1,131.00","2,121.00",NA,NA,NA
4558609924,4/16/2016,"7,289.00",4.82,4.82,0,0.55,0.75,3.5,0,8,12,308,"1,112.00","1,997.00",NA,NA,NA
4558609924,4/17/2016,"9,634.00",6.4,6.4,0,0.55,1.14,4.71,0,7,19,304,"1,110.00","2,117.00",NA,NA,NA
4558609924,4/18/2016,"8,940.00",5.91,5.91,0,0.98,0.93,4,0,14,15,331,"1,080.00","2,116.00",NA,NA,NA
4558609924,4/19/2016,"5,401.00",3.57,3.57,0,0.05,0.36,3.16,0,1,9,248,"1,182.00","1,876.00",NA,NA,NA
4558609924,4/20/2016,"4,803.00",3.17,3.17,0,0,0,3.17,0,0,0,222,"1,218.00","1,788.00",NA,NA,NA
4558609924,4/21/2016,"13,743.00",9.08,9.08,0,0.42,0.97,7.7,0,6,21,432,844,"2,486.00",1,126,137
4558609924,4/22/2016,"9,601.00",6.35,6.35,0,1.37,1.5,3.47,0,20,25,273,"1,122.00","2,094.00",NA,NA,NA
4558609924,4/23/2016,"6,890.00",4.55,4.55,0,0.34,0.2,4.01,0,5,5,308,"1,122.00","2,085.00",NA,NA,NA
4558609924,4/24/2016,"8,563.00",5.66,5.66,0,0,0,5.65,0,0,0,395,"1,045.00","2,173.00",NA,NA,NA
4558609924,4/25/2016,"8,095.00",5.35,5.35,0,0.59,0.25,4.51,0,18,10,340,993,"2,225.00",NA,NA,NA
4558609924,4/26/2016,"9,148.00",6.05,6.05,0,0.43,2.03,3.59,0,12,41,283,"1,062.00","2,223.00",1,103,121
4558609924,4/27/2016,"9,557.00",6.32,6.32,0,1.96,0.89,3.46,0,27,14,312,"1,087.00","2,098.00",NA,NA,NA
4558609924,4/28/2016,"9,451.00",6.25,6.25,0,0.02,0.27,5.95,0,1,11,367,985,"2,185.00",NA,NA,NA
4558609924,4/29/2016,"7,833.00",5.18,5.18,0,1.02,1.85,2.31,0,15,29,197,"1,096.00","1,918.00",1,171,179
4558609924,4/30/2016,"10,319.00",6.82,6.82,0,0.47,1.89,4.46,0,7,29,293,"1,111.00","2,105.00",NA,NA,NA
4558609924,5/1/2016,"3,428.00",2.27,2.27,0,0,0,2.27,0,0,0,190,"1,121.00","1,692.00",NA,NA,NA
4558609924,5/2/2016,"7,891.00",5.22,5.22,0,0,0,5.22,0,0,0,383,"1,057.00","2,066.00",NA,NA,NA
4558609924,5/3/2016,"5,267.00",3.48,3.48,0,0.6,0.28,2.6,0,21,10,237,"1,172.00","1,953.00",NA,NA,NA
4558609924,5/4/2016,"5,232.00",3.46,3.46,0,0,0,3.46,0,0,0,252,"1,188.00","1,842.00",NA,NA,NA
4558609924,5/5/2016,"10,611.00",7.01,7.01,0,1.01,0.5,5.51,0,14,8,370,"1,048.00","2,262.00",NA,NA,NA
4558609924,5/6/2016,"3,755.00",2.48,2.48,0,0,0,2.48,0,0,0,202,"1,238.00","1,722.00",NA,NA,NA
4558609924,5/7/2016,"8,237.00",5.44,5.44,0,1.61,1,2.83,0,23,16,233,"1,116.00","1,973.00",NA,NA,NA
4558609924,5/8/2016,"6,543.00",4.33,4.33,0,1.8,0.5,2.02,0,66,35,238,"1,019.00","2,666.00",NA,NA,NA
4558609924,5/9/2016,"11,451.00",7.57,7.57,0,0.43,1.62,5.52,0,6,30,339,"1,065.00","2,223.00",NA,NA,NA
4558609924,5/10/2016,"6,435.00",4.25,4.25,0,0.74,1.12,2.39,0,11,18,220,"1,191.00","1,889.00",NA,NA,NA
4558609924,5/11/2016,"9,108.00",6.02,6.02,0,0.26,1.82,3.94,0,4,31,324,"1,081.00","2,131.00",NA,NA,NA
4558609924,5/12/2016,"6,307.00",4.17,4.17,0,0,0,4.17,0,0,0,247,736,"1,452.00",NA,NA,NA
4702921684,4/12/2016,"7,213.00",5.88,5.88,0,0,0,5.85,0,0,0,263,718,"2,947.00",1,425,439
4702921684,4/13/2016,"6,877.00",5.58,5.58,0,0,0,5.58,0,0,0,258,777,"2,898.00",2,400,430
4702921684,4/14/2016,"7,860.00",6.37,6.37,0,0,0,6.37,0,0,0,271,772,"2,984.00",1,384,415
4702921684,4/15/2016,"6,506.00",5.28,5.28,0,0.07,0.42,4.79,0,1,8,256,944,"2,896.00",1,253,257
4702921684,4/16/2016,"11,140.00",9.03,9.03,0,0.24,1.25,7.54,0,3,24,335,556,"3,328.00",2,382,406
4702921684,4/17/2016,"12,692.00",10.29,10.29,0,0.96,3.46,5.88,0,12,66,302,437,"3,394.00",1,591,612
4702921684,4/18/2016,"9,105.00",7.38,7.38,0,1.82,1.49,4.07,0,22,30,191,890,"3,013.00",1,293,312
4702921684,4/19/2016,"6,708.00",5.44,5.44,0,0.88,0.37,4.19,0,10,8,179,757,"2,812.00",1,457,487
4702921684,4/20/2016,"8,793.00",7.13,7.13,0,0.16,1.23,5.73,0,2,29,260,717,"3,061.00",1,454,468
4702921684,4/21/2016,"6,530.00",5.3,5.3,0,0.31,2.05,2.94,0,4,41,144,901,"2,729.00",1,425,434
4702921684,4/22/2016,"1,664.00",1.35,1.35,0,0,0,1.35,0,0,0,72,"1,341.00","2,241.00",NA,NA,NA
4702921684,4/23/2016,"15,126.00",12.27,12.27,0,0.76,3.24,8.27,0,9,66,408,469,"3,691.00",1,465,475
4702921684,4/24/2016,"15,050.00",12.22,12.22,0,1.2,5.12,5.88,0,15,95,281,542,"3,538.00",1,480,506
4702921684,4/25/2016,"9,167.00",7.43,7.43,0,0.49,0.82,6.11,0,6,15,270,730,"3,064.00",1,370,380
4702921684,4/26/2016,"6,108.00",4.95,4.95,0,0.07,0.35,4.54,0,1,8,216,765,"2,784.00",1,421,429
4702921684,4/27/2016,"7,047.00",5.72,5.72,0,0.09,0.8,4.78,0,1,16,238,733,"2,908.00",1,432,449
4702921684,4/28/2016,"9,023.00",7.32,7.32,0,1.13,0.42,5.77,0,14,9,232,738,"3,033.00",1,442,461
4702921684,4/29/2016,"9,930.00",8.05,8.05,0,1.06,0.92,6.07,0,12,19,267,692,"3,165.00",1,433,447
4702921684,4/30/2016,"10,144.00",8.23,8.23,0,0.32,2.03,5.88,0,4,36,263,728,"3,115.00",1,479,501
4702921684,5/2/2016,"7,245.00",5.92,5.92,0,0.38,1.74,3.76,0,5,40,195,"1,131.00","2,859.00",NA,NA,NA
4702921684,5/3/2016,"9,454.00",7.67,7.67,0,0,0,7.67,0,0,0,313,729,"3,145.00",NA,NA,NA
4702921684,5/4/2016,"8,161.00",6.62,6.62,0,0.34,0.73,5.54,0,4,15,251,757,"3,004.00",NA,NA,NA
4702921684,5/5/2016,"8,614.00",6.99,6.99,0,0.67,0.22,6.09,0,8,5,241,745,"3,006.00",NA,NA,NA
4702921684,5/6/2016,"6,943.00",5.63,5.63,0,0.08,0.66,4.87,0,1,16,207,682,"2,859.00",NA,NA,NA
4702921684,5/7/2016,"14,370.00",11.65,11.65,0,0.37,2.31,8.97,0,5,46,439,577,"3,683.00",NA,NA,NA
4702921684,5/8/2016,"12,857.00",10.43,10.43,0,0.68,6.21,3.54,0,9,125,192,"1,019.00","3,287.00",NA,NA,NA
4702921684,5/9/2016,"8,232.00",6.68,6.68,0,0,0.57,6.1,0,0,12,253,746,"2,990.00",NA,NA,NA
4702921684,5/10/2016,"10,613.00",8.61,8.61,0,0.08,1.88,6.65,0,1,37,262,701,"3,172.00",1,416,431
4702921684,5/11/2016,"9,810.00",7.96,7.96,0,0.78,2.16,4.98,0,10,41,235,784,"3,069.00",1,354,366
4702921684,5/12/2016,"2,752.00",2.23,2.23,0,0,0,2.23,0,0,0,68,241,"1,240.00",1,404,442
5553957443,4/12/2016,"11,596.00",7.57,7.57,0,1.37,0.79,5.41,0,19,13,277,767,"2,026.00",1,441,464
5553957443,4/13/2016,"4,832.00",3.16,3.16,0,0,0,3.16,0,0,0,226,647,"1,718.00",2,455,488
5553957443,4/14/2016,"17,022.00",11.12,11.12,0,4,2.45,4.67,0,61,41,256,693,"2,324.00",1,357,418
5553957443,4/15/2016,"16,556.00",10.86,10.86,0,4.16,1.98,4.71,0,58,38,239,689,"2,254.00",1,377,409
5553957443,4/16/2016,"5,771.00",3.77,3.77,0,0,0,3.77,0,0,0,288,521,"1,831.00",2,651,686
5553957443,4/17/2016,655,0.43,0.43,0,0,0,0.43,0,0,0,46,943,"1,397.00",1,350,402
5553957443,4/18/2016,"3,727.00",2.43,2.43,0,0,0,2.43,0,0,0,206,622,"1,683.00",2,520,541
5553957443,4/19/2016,"15,482.00",10.11,10.11,0,4.28,1.66,4.18,0,69,28,249,756,"2,284.00",1,357,410
5553957443,4/20/2016,"2,713.00",1.77,1.77,0,0,0,1.77,0,0,0,148,598,"1,570.00",1,658,678
5553957443,4/21/2016,"12,346.00",8.06,8.06,0,2.95,2.16,2.96,0,47,42,177,801,"2,066.00",1,399,431
5553957443,4/22/2016,"11,682.00",7.63,7.63,0,1.38,0.63,5.6,0,25,16,270,781,"2,105.00",1,322,353
5553957443,4/23/2016,"4,112.00",2.69,2.69,0,0,0,2.68,0,0,0,272,443,"1,776.00",2,631,725
5553957443,4/24/2016,"1,807.00",1.18,1.18,0,0,0,1.18,0,0,0,104,582,"1,507.00",2,553,640
5553957443,4/25/2016,"10,946.00",7.19,7.19,0,2.93,0.57,3.69,0,51,11,201,732,"2,033.00",1,433,468
5553957443,4/26/2016,"11,886.00",7.76,7.76,0,2.37,0.93,4.46,0,40,18,238,750,"2,093.00",1,412,453
5553957443,4/27/2016,"10,538.00",6.88,6.88,0,1.14,1,4.74,0,16,16,206,745,"1,922.00",1,347,391
5553957443,4/28/2016,"11,393.00",7.63,7.63,0,3.71,0.75,3.17,0,49,13,165,727,"1,999.00",1,421,457
5553957443,4/29/2016,"12,764.00",8.33,8.33,0,2.79,0.64,4.91,0,46,15,270,709,"2,169.00",1,450,495
5553957443,4/30/2016,"1,202.00",0.78,0.78,0,0,0,0.78,0,0,0,84,506,"1,463.00",2,775,843
5553957443,5/1/2016,"5,164.00",3.37,3.37,0,0,0,3.37,0,0,0,237,436,"1,747.00",NA,NA,NA
5553957443,5/2/2016,"9,769.00",6.38,6.38,0,1.06,0.41,4.9,0,23,9,227,724,"1,996.00",NA,NA,NA
5553957443,5/3/2016,"12,848.00",8.39,8.39,0,1.5,1.2,5.68,0,26,29,247,812,"2,116.00",NA,NA,NA
5553957443,5/4/2016,"4,249.00",2.77,2.77,0,0,0,2.77,0,0,0,224,651,"1,698.00",NA,NA,NA
5553957443,5/5/2016,"14,331.00",9.51,9.51,0,3.43,1.66,4.43,0,44,29,241,692,"2,156.00",NA,NA,NA
5553957443,5/6/2016,"9,632.00",6.29,6.29,0,1.52,0.54,4.23,0,21,9,229,761,"1,916.00",NA,NA,NA
5553957443,5/7/2016,"1,868.00",1.22,1.22,0,0,0,1.22,0,0,0,96,902,"1,494.00",NA,NA,NA
5553957443,5/8/2016,"6,083.00",4,4,0,0.22,0.47,3.3,0,3,8,210,505,"1,762.00",NA,NA,NA
5553957443,5/9/2016,"11,611.00",7.58,7.58,0,2.13,0.89,4.56,0,59,22,251,667,"2,272.00",NA,NA,NA
5553957443,5/10/2016,"16,358.00",10.71,10.71,0,3.87,1.61,5.2,0,61,40,265,707,"2,335.00",1,418,443
5553957443,5/11/2016,"4,926.00",3.22,3.22,0,0,0,3.22,0,0,0,195,628,"1,693.00",1,463,486
5553957443,5/12/2016,"3,121.00",2.04,2.04,0,0.58,0.4,1.06,0,8,6,48,222,741,1,438,475
5577150313,4/12/2016,"8,135.00",6.08,6.08,0,3.6,0.38,2.1,0,86,16,140,728,"3,405.00",1,419,438
5577150313,4/13/2016,"5,077.00",3.79,3.79,0,0.32,0.22,3.25,0,15,11,144,776,"2,551.00",1,432,458
5577150313,4/14/2016,"8,596.00",6.42,6.42,0,3.33,0.31,2.78,0,118,30,176,662,"4,022.00",1,477,497
5577150313,4/15/2016,"12,087.00",9.08,9.08,0,3.92,1.6,3.56,0,115,54,199,695,"4,005.00",1,392,413
5577150313,4/16/2016,"14,269.00",10.66,10.66,0,6.64,1.28,2.73,0,184,56,158,472,"4,274.00",1,406,445
5577150313,4/17/2016,"12,231.00",9.14,9.14,0,5.98,0.83,2.32,0,200,37,159,525,"4,552.00",1,549,583
5577150313,4/18/2016,"9,893.00",7.39,7.39,0,4.86,0.72,1.82,0,114,32,130,623,"3,625.00",1,527,553
5577150313,4/19/2016,"12,574.00",9.42,9.42,0,7.02,0.64,1.76,0,108,23,111,733,"3,501.00",1,449,465
5577150313,4/20/2016,"8,330.00",6.22,6.22,0,4.12,0.34,1.76,0,87,16,113,773,"3,192.00",1,447,480
5577150313,4/21/2016,"10,830.00",8.09,8.09,0,3.65,1.66,2.78,0,110,74,175,670,"4,018.00",1,414,437
5577150313,4/22/2016,"9,172.00",6.85,6.85,0,2.42,0.79,3.3,0,62,30,200,823,"3,329.00",1,338,366
5577150313,4/23/2016,"7,638.00",5.71,5.71,0,1.21,0.36,4.14,0,24,24,223,627,"3,152.00",1,384,402
5577150313,4/24/2016,"15,764.00",11.78,11.78,0,7.65,2.15,1.98,0,210,65,141,425,"4,392.00",1,543,615
5577150313,4/25/2016,"6,393.00",4.78,4.78,0,1.35,0.67,2.76,0,61,38,214,743,"3,374.00",1,421,461
5577150313,4/26/2016,"5,325.00",3.98,3.98,0,0.85,0.65,2.47,0,38,32,181,759,"3,088.00",1,354,377
5577150313,4/27/2016,"6,805.00",5.14,5.14,0,1.81,0.4,2.93,0,63,16,190,773,"3,294.00",1,424,452
5577150313,4/28/2016,"9,841.00",7.43,7.43,0,3.25,1.17,3.01,0,99,51,141,692,"3,580.00",1,361,372
5577150313,4/29/2016,"7,924.00",5.92,5.92,0,2.84,0.61,2.47,0,97,36,165,739,"3,544.00",1,459,485
5577150313,4/30/2016,"12,363.00",9.24,9.24,0,5.83,0.79,2.61,0,207,45,163,621,"4,501.00",1,412,433
5577150313,5/1/2016,"13,368.00",9.99,9.99,0,5.31,1.44,3.24,0,194,72,178,499,"4,546.00",NA,NA,NA
5577150313,5/2/2016,"7,439.00",5.56,5.56,0,1.12,0.35,4.07,0,37,20,235,732,"3,014.00",NA,NA,NA
5577150313,5/3/2016,"11,045.00",8.25,8.25,0,4.52,0.15,3.57,0,97,8,212,580,"3,795.00",NA,NA,NA
5577150313,5/4/2016,"5,206.00",3.89,3.89,0,1.56,0.25,2.08,0,25,9,141,631,"2,755.00",NA,NA,NA
5577150313,5/5/2016,"7,550.00",5.64,5.64,0,2.5,0.47,2.67,0,45,21,143,"1,153.00","3,004.00",NA,NA,NA
5577150313,5/6/2016,"4,950.00",3.7,3.7,0,1.93,0.32,1.45,0,41,16,79,"1,304.00","2,643.00",NA,NA,NA
5577150313,5/9/2016,"3,421.00",2.56,2.56,0,1.43,0.14,0.99,0,34,11,70,"1,099.00","2,489.00",NA,NA,NA
5577150313,5/10/2016,"8,869.00",6.65,6.65,0,2.56,0.75,3.35,0,104,37,194,639,"3,841.00",1,504,562
5577150313,5/11/2016,"4,038.00",3.04,3.04,0,1.83,0.3,0.89,0,45,15,63,257,"1,665.00",1,431,476
6117666160,4/15/2016,"14,019.00",10.59,10.59,0,0,0.28,10.3,0,0,6,513,921,"2,865.00",NA,NA,NA
6117666160,4/16/2016,"14,450.00",10.91,10.91,0,0.58,0.85,9.48,0,7,15,518,502,"2,828.00",1,380,398
6117666160,4/17/2016,"7,150.00",5.4,5.4,0,0,0,5.4,0,0,0,312,702,"2,225.00",2,336,350
6117666160,4/18/2016,"5,153.00",3.91,3.91,0,0,0,3.89,0,0,0,241,759,"2,018.00",2,493,510
6117666160,4/19/2016,"11,135.00",8.41,8.41,0,0,0,8.41,0,0,0,480,425,"2,606.00",1,465,492
6117666160,4/20/2016,"10,449.00",8.02,8.02,0,2.03,0.48,5.52,0,26,10,349,587,"2,536.00",1,474,502
6117666160,4/21/2016,"19,542.00",15.01,15.01,0,0.98,0.4,5.62,0,11,19,294,579,"4,900.00",1,508,550
6117666160,4/22/2016,"8,206.00",6.2,6.2,0,0,0,6.2,0,0,0,402,413,"2,409.00",1,480,546
6117666160,4/23/2016,"11,495.00",8.68,8.68,0,0,0,8.68,0,0,0,512,468,"2,651.00",1,492,539
6117666160,4/24/2016,"7,623.00",5.76,5.76,0,0,0,5.76,0,0,0,362,711,"2,305.00",1,353,367
6117666160,4/26/2016,"9,543.00",7.21,7.21,0,0,0.34,6.87,0,0,7,352,"1,077.00","2,450.00",NA,NA,NA
6117666160,4/27/2016,"9,411.00",7.11,7.11,0,0,0,7.11,0,0,0,458,417,"2,576.00",1,542,557
6117666160,4/28/2016,"3,403.00",2.6,2.6,0,0,0,2.6,0,0,0,141,758,"1,879.00",1,393,416
6117666160,4/29/2016,"9,592.00",7.24,7.24,0,0,0,7.24,0,0,0,461,479,"2,560.00",1,600,636
6117666160,4/30/2016,"6,987.00",5.28,5.28,0,0,0,5.28,0,0,0,343,"1,040.00","2,275.00",NA,NA,NA
6117666160,5/1/2016,"8,915.00",6.73,6.73,0,0,0,6.73,0,0,0,397,525,"2,361.00",NA,NA,NA
6117666160,5/2/2016,"4,933.00",3.73,3.73,0,0,0,3.73,0,0,0,236,"1,204.00","2,044.00",NA,NA,NA
6117666160,5/4/2016,"2,997.00",2.26,2.26,0,0,0,2.26,0,0,0,156,"1,279.00","1,902.00",NA,NA,NA
6117666160,5/5/2016,"9,799.00",7.4,7.4,0,0,0,7.4,0,0,0,487,479,"2,636.00",NA,NA,NA
6117666160,5/6/2016,"3,365.00",2.68,2.68,0,0,0,2.68,0,0,0,133,673,"1,838.00",NA,NA,NA
6117666160,5/7/2016,"7,336.00",5.54,5.54,0,0,0,5.54,0,0,0,412,456,"2,469.00",NA,NA,NA
6117666160,5/8/2016,"7,328.00",5.53,5.53,0,0,0,5.53,0,0,0,318,517,"2,250.00",NA,NA,NA
6117666160,5/9/2016,"4,477.00",3.38,3.38,0,0,0,3.38,0,0,0,197,125,"1,248.00",NA,NA,NA
6290855005,4/12/2016,"4,562.00",3.45,3.45,0,0,0,3.45,0,0,0,199,"1,241.00","2,560.00",NA,NA,NA
6290855005,4/13/2016,"7,142.00",5.4,5.4,0,0,0,5.39,0.01,0,0,350,"1,090.00","2,905.00",NA,NA,NA
6290855005,4/14/2016,"7,671.00",5.8,5.8,0,0,0,5.77,0.03,0,0,363,"1,077.00","2,952.00",NA,NA,NA
6290855005,4/15/2016,"9,501.00",7.18,7.18,0,0,0,7.17,0.01,0,0,328,"1,112.00","2,896.00",NA,NA,NA
6290855005,4/16/2016,"8,301.00",6.28,6.28,0,0,0,6.27,0.01,0,0,258,"1,182.00","2,783.00",NA,NA,NA
6290855005,4/17/2016,"7,851.00",5.94,5.94,0,1.14,0.79,4,0,31,12,225,"1,172.00","3,171.00",NA,NA,NA
6290855005,4/18/2016,"6,885.00",5.21,5.21,0,0,0,5.19,0.02,0,0,271,"1,169.00","2,766.00",NA,NA,NA
6290855005,4/19/2016,"7,142.00",5.4,5.4,0,0,0,5.39,0.01,0,0,321,"1,119.00","2,839.00",NA,NA,NA
6290855005,4/20/2016,"6,361.00",4.81,4.81,0,0,0,4.8,0.01,0,0,258,"1,182.00","2,701.00",NA,NA,NA
6290855005,4/22/2016,"6,238.00",4.72,4.72,0,0,0,4.72,0,0,0,302,"1,138.00","2,796.00",NA,NA,NA
6290855005,4/24/2016,"5,896.00",4.46,4.46,0,0,0,4.46,0,0,0,258,"1,182.00","2,703.00",NA,NA,NA
6290855005,4/25/2016,"7,802.00",5.9,5.9,0,0.68,0.18,5.03,0.01,8,3,249,"1,180.00","2,771.00",NA,NA,NA
6290855005,4/27/2016,"5,565.00",4.21,4.21,0,0,0,4.18,0.03,0,0,287,"1,153.00","2,743.00",NA,NA,NA
6290855005,4/28/2016,"5,731.00",4.33,4.33,0,0,0,4.33,0,0,0,255,"1,185.00","2,687.00",NA,NA,NA
6290855005,4/30/2016,"6,744.00",5.1,5.1,0,0,0,5.09,0.01,0,0,324,"1,116.00","2,843.00",NA,NA,NA
6290855005,5/1/2016,"9,837.00",7.44,7.44,0,0.66,2.75,4,0.02,8,95,282,"1,055.00","3,327.00",NA,NA,NA
6290855005,5/2/2016,"6,781.00",5.13,5.13,0,0,0,5.11,0.02,0,0,268,"1,172.00","2,725.00",NA,NA,NA
6290855005,5/3/2016,"6,047.00",4.57,4.57,0,0,0,4.57,0,0,0,240,"1,200.00","2,671.00",NA,NA,NA
6290855005,5/4/2016,"5,832.00",4.41,4.41,0,0,0,4.4,0.01,0,0,272,"1,168.00","2,718.00",NA,NA,NA
6290855005,5/5/2016,"6,339.00",4.79,4.79,0,0,0,4.79,0,0,0,239,"1,201.00","2,682.00",NA,NA,NA
6290855005,5/6/2016,"6,116.00",4.62,4.62,0,0,0,4.59,0.03,0,0,305,"1,135.00","2,806.00",NA,NA,NA
6290855005,5/7/2016,"5,510.00",4.17,4.17,0,0,0,4.16,0,0,0,227,"1,213.00","2,613.00",NA,NA,NA
6290855005,5/8/2016,"7,706.00",5.83,5.83,0,0,0,5.82,0,0,0,251,"1,189.00","2,712.00",NA,NA,NA
6290855005,5/9/2016,"6,277.00",4.75,4.75,0,0,0,4.73,0.02,0,0,264,800,"2,175.00",NA,NA,NA
6775888955,4/13/2016,"4,053.00",2.91,2.91,0,1.11,0.58,1.22,0,17,18,85,"1,053.00","2,400.00",1,235,260
6775888955,4/14/2016,"5,162.00",3.7,3.7,0,0.87,0.86,1.97,0,14,24,105,863,"2,507.00",1,423,441
6775888955,4/15/2016,"1,282.00",0.92,0.92,0,0,0,0.92,0,0,0,58,976,"2,127.00",1,391,406
6775888955,4/16/2016,"4,732.00",3.39,3.39,0,2.52,0.81,0.06,0,36,18,9,"1,377.00","2,225.00",NA,NA,NA
6775888955,4/17/2016,"2,497.00",1.79,1.79,0,0.35,1.13,0.31,0,5,24,19,"1,392.00","2,067.00",NA,NA,NA
6775888955,4/18/2016,"8,294.00",5.95,5.95,0,2,0.77,3.17,0,30,31,146,"1,233.00","2,798.00",NA,NA,NA
6775888955,4/20/2016,"10,771.00",7.72,7.72,0,3.77,1.74,2.22,0,70,113,178,"1,079.00","3,727.00",NA,NA,NA
6775888955,4/22/2016,637,0.46,0.46,0,0,0,0.46,0,0,0,20,"1,420.00","1,922.00",NA,NA,NA
6775888955,4/24/2016,"2,153.00",1.54,1.54,0,0.77,0.62,0.15,0,11,18,11,"1,400.00","2,053.00",NA,NA,NA
6775888955,4/25/2016,"6,474.00",4.64,4.64,0,2.27,0.46,1.9,0,33,13,92,"1,302.00","2,484.00",NA,NA,NA
6775888955,4/26/2016,"7,091.00",5.27,5.27,1.96,3.48,0.87,0.73,0,42,30,47,"1,321.00","2,584.00",NA,NA,NA
6775888955,4/28/2016,703,0.5,0.5,0,0.06,0.2,0.24,0,2,13,15,"1,410.00","1,993.00",NA,NA,NA
6775888955,4/30/2016,"2,503.00",1.79,1.79,0,0.16,0.16,1.48,0,3,9,84,"1,344.00","2,280.00",NA,NA,NA
6775888955,5/1/2016,"2,487.00",1.78,1.78,0,0.48,0.62,0.68,0,9,34,50,"1,347.00","2,319.00",NA,NA,NA
6775888955,5/3/2016,9,0.01,0.01,0,0,0,0.01,0,0,0,1,"1,439.00","1,843.00",NA,NA,NA
6775888955,5/6/2016,"4,697.00",3.37,3.37,0,0.47,0.93,1.93,0,12,35,75,"1,318.00","2,496.00",NA,NA,NA
6775888955,5/7/2016,"1,967.00",1.41,1.41,0,0.13,0.24,1.05,0,2,5,49,551,"1,032.00",NA,NA,NA
6962181067,4/12/2016,"10,199.00",6.74,6.74,0,3.4,0.83,2.51,0,50,14,189,796,"1,994.00",1,366,387
6962181067,4/13/2016,"5,652.00",3.74,3.74,0,0.57,1.21,1.96,0,8,24,142,548,"1,718.00",3,630,679
6962181067,4/14/2016,"1,551.00",1.03,1.03,0,0,0,1.03,0,0,0,86,862,"1,466.00",2,508,535
6962181067,4/15/2016,"5,563.00",3.68,3.68,0,0,0,3.68,0,0,0,217,837,"1,756.00",1,370,386
6962181067,4/16/2016,"13,217.00",8.74,8.74,0,3.66,0.19,4.88,0,50,3,280,741,"2,173.00",1,357,366
6962181067,4/17/2016,"10,145.00",6.71,6.71,0,0.33,0.68,5.69,0,5,13,295,634,"2,027.00",1,427,446
6962181067,4/18/2016,"11,404.00",7.54,7.54,0,0.83,2.39,4.32,0,13,42,238,689,"2,039.00",1,442,458
6962181067,4/19/2016,"10,742.00",7.1,7.1,0,2.1,2.13,2.87,0,35,41,195,659,"2,046.00",1,476,535
6962181067,4/20/2016,"13,928.00",9.55,9.55,0,4.28,0.19,5.09,0,48,4,297,639,"2,174.00",1,418,424
6962181067,4/21/2016,"11,835.00",9.71,7.88,4.08,3.99,2.1,3.51,0.11,53,27,214,708,"2,179.00",1,451,457
6962181067,4/22/2016,"10,725.00",7.09,7.09,0,1.77,1.55,3.77,0,30,33,240,659,"2,086.00",1,425,435
6962181067,4/23/2016,"20,031.00",13.24,13.24,0,4.2,2,7.04,0,58,41,347,484,"2,571.00",1,528,546
6962181067,4/24/2016,"5,029.00",3.32,3.32,0,0,0,3.32,0,0,0,199,720,"1,705.00",1,511,514
6962181067,4/25/2016,"13,239.00",9.27,9.08,2.79,3.02,1.68,4.46,0.1,35,31,282,637,"2,194.00",1,400,415
6962181067,4/26/2016,"10,433.00",6.9,6.9,0,2.58,0.42,3.9,0,36,7,254,680,"2,012.00",1,441,446
6962181067,4/27/2016,"10,320.00",6.82,6.82,0,0.55,2.02,4.25,0,7,38,279,697,"2,034.00",1,455,467
6962181067,4/28/2016,"12,627.00",8.35,8.35,0,2.51,0.24,5.59,0,38,8,288,621,"2,182.00",1,440,453
6962181067,4/29/2016,"10,762.00",7.11,7.11,0,0.82,0.48,5.81,0,12,15,369,645,"2,254.00",1,433,447
6962181067,4/30/2016,"10,081.00",6.66,6.66,0,2.24,0.76,3.67,0,32,16,237,731,"2,002.00",1,422,424
6962181067,5/1/2016,"5,454.00",3.61,3.61,0,0,0,3.61,0,0,0,215,722,"1,740.00",NA,NA,NA
6962181067,5/2/2016,"12,912.00",8.54,8.54,0,1.2,2,5.34,0,18,39,313,655,"2,162.00",NA,NA,NA
6962181067,5/3/2016,"12,109.00",8.12,8.12,0,1.74,2.04,4.33,0,21,36,267,654,"2,072.00",NA,NA,NA
6962181067,5/4/2016,"10,147.00",6.71,6.71,0,0.47,1.68,4.55,0,15,36,284,683,"2,086.00",NA,NA,NA
6962181067,5/5/2016,"10,524.00",6.96,6.96,0,0.99,1.16,4.81,0,14,22,305,591,"2,066.00",NA,NA,NA
6962181067,5/6/2016,"5,908.00",3.91,3.91,0,0,0,3.91,0,0,0,299,717,"1,850.00",NA,NA,NA
6962181067,5/7/2016,"6,815.00",4.5,4.5,0,0,0,4.5,0,0,0,328,745,"1,947.00",NA,NA,NA
6962181067,5/8/2016,"4,188.00",2.77,2.77,0,0,0.52,2.25,0,0,14,151,709,"1,659.00",NA,NA,NA
6962181067,5/9/2016,"12,342.00",8.72,8.68,3.17,3.9,1.18,3.65,0,43,21,231,607,"2,105.00",NA,NA,NA
6962181067,5/10/2016,"15,448.00",10.21,10.21,0,3.47,1.75,4.99,0,62,34,275,626,"2,361.00",1,469,481
6962181067,5/11/2016,"6,722.00",4.44,4.44,0,1.49,0.31,2.65,0,24,7,199,709,"1,855.00",1,452,480
6962181067,5/12/2016,"3,587.00",2.37,2.37,0,0,0.25,2.11,0,0,8,105,127,928,1,516,535
7007744171,4/12/2016,"14,172.00",10.29,9.48,4.87,4.5,0.38,5.41,0,53,8,355,"1,024.00","2,937.00",NA,NA,NA
7007744171,4/13/2016,"12,862.00",9.65,8.6,4.85,4.61,0.56,4.48,0,56,22,261,"1,101.00","2,742.00",NA,NA,NA
7007744171,4/14/2016,"11,179.00",8.24,7.48,3.29,2.95,0.34,4.96,0,34,6,304,"1,096.00","2,668.00",NA,NA,NA
7007744171,4/15/2016,"5,273.00",3.53,3.53,0,0,0,3.53,0,0,0,202,"1,238.00","2,098.00",NA,NA,NA
7007744171,4/16/2016,"4,631.00",3.1,3.1,0,0,0,3.1,0,0,0,203,"1,155.00","2,076.00",1,79,82
7007744171,4/17/2016,"8,059.00",5.39,5.39,0,0,0,5.39,0,0,0,305,"1,135.00","2,383.00",NA,NA,NA
7007744171,4/18/2016,"14,816.00",10.98,9.91,4.93,3.79,2.12,5.05,0.02,48,31,284,"1,077.00","2,832.00",NA,NA,NA
7007744171,4/19/2016,"14,194.00",10.48,9.5,4.94,4.41,0.76,5.31,0,53,17,304,"1,066.00","2,812.00",NA,NA,NA
7007744171,4/20/2016,"15,566.00",11.31,10.41,4.92,4.79,0.67,5.86,0,60,33,347,"1,000.00","3,096.00",NA,NA,NA
7007744171,4/21/2016,"13,744.00",9.19,9.19,0,2.15,1.87,5.17,0,30,34,327,"1,049.00","2,763.00",NA,NA,NA
7007744171,4/22/2016,"15,299.00",10.24,10.24,0,4.1,1.76,4.37,0,64,50,261,"1,065.00","2,889.00",NA,NA,NA
7007744171,4/23/2016,"8,093.00",5.41,5.41,0,0.13,1.13,4.15,0,2,25,223,"1,190.00","2,284.00",NA,NA,NA
7007744171,4/24/2016,"11,085.00",7.42,7.42,0,0,0,7.42,0,0,0,419,"1,021.00","2,667.00",NA,NA,NA
7007744171,4/25/2016,"18,229.00",13.34,12.2,4.86,4.31,1.37,7.67,0,51,24,379,986,"3,055.00",NA,NA,NA
7007744171,4/26/2016,"15,090.00",10.1,10.1,0,0.93,0.94,8.23,0,16,22,424,978,"2,939.00",NA,NA,NA
7007744171,4/27/2016,"13,541.00",10.22,9.06,4.89,4.27,0.66,5.29,0,50,12,337,"1,041.00","2,830.00",NA,NA,NA
7007744171,4/28/2016,"15,128.00",10.12,10.12,0,1.09,0.77,8.26,0,16,16,401,"1,007.00","2,836.00",NA,NA,NA
7007744171,4/29/2016,"20,067.00",14.3,13.42,4.91,4.31,2.05,7.95,0,55,42,382,961,"3,180.00",NA,NA,NA
7007744171,4/30/2016,"3,761.00",2.52,2.52,0,0,0,2.52,0,0,0,200,"1,240.00","2,051.00",NA,NA,NA
7007744171,5/1/2016,"5,600.00",3.75,3.75,0,0,0,3.75,0,0,0,237,"1,142.00","2,225.00",NA,NA,NA
7007744171,5/2/2016,"13,041.00",9.18,8.72,2.83,4.64,0.7,3.83,0,64,14,250,"1,112.00","2,642.00",NA,NA,NA
7007744171,5/3/2016,"14,510.00",10.87,9.71,4.91,4.48,1.02,5.36,0,58,31,330,"1,021.00","2,976.00",NA,NA,NA
7007744171,5/5/2016,"15,010.00",11.1,10.04,4.88,4.33,1.29,5.48,0,53,23,317,"1,047.00","2,933.00",NA,NA,NA
7007744171,5/6/2016,"11,459.00",7.67,7.67,0,3,0.81,3.86,0,44,13,247,"1,136.00","2,553.00",NA,NA,NA
7086361926,4/12/2016,"11,317.00",8.41,8.41,0,5.27,0.15,2.97,0,59,6,153,745,"2,772.00",1,514,525
7086361926,4/13/2016,"5,813.00",3.62,3.62,0,0.56,0.21,2.84,0,31,26,155,744,"2,516.00",1,451,465
7086361926,4/14/2016,"9,123.00",6.12,6.12,0,2.03,0.33,3.66,0,35,32,189,787,"2,734.00",1,472,476
7086361926,4/15/2016,"8,585.00",5.67,5.67,0,2.04,1.11,2.53,0,30,21,139,864,"2,395.00",1,377,386
7086361926,4/16/2016,31,0.01,0.01,0,0,0,0.01,0,0,0,3,"1,437.00","1,635.00",NA,NA,NA
7086361926,4/18/2016,"9,827.00",6.71,6.71,0,3.17,1.22,2.31,0,61,51,114,"1,136.00","2,743.00",NA,NA,NA
7086361926,4/19/2016,"10,688.00",7.29,7.29,0,3.53,1.23,2.51,0,67,69,124,671,"2,944.00",1,472,483
7086361926,4/20/2016,"14,365.00",10.64,10.64,0,7.64,0.45,2.54,0,87,13,145,797,"2,997.00",1,492,502
7086361926,4/21/2016,"9,469.00",6.18,6.18,0,1.36,0.3,4.51,0,19,6,206,758,"2,463.00",1,390,411
7086361926,4/22/2016,"9,753.00",6.53,6.53,0,2.87,0.97,2.67,0,58,59,153,762,"2,846.00",1,428,448
7086361926,4/23/2016,"2,817.00",1.81,1.81,0,0,0,1.8,0,0,0,90,"1,350.00","1,965.00",NA,NA,NA
7086361926,4/24/2016,"3,520.00",2.16,2.16,0,0,0,2.15,0,0,0,125,566,"2,049.00",1,681,704
7086361926,4/25/2016,"10,091.00",6.82,6.82,0,3.75,0.7,2.37,0,69,39,129,706,"2,752.00",1,446,447
7086361926,4/26/2016,"10,387.00",7.07,7.07,0,4.16,0.77,2.12,0,70,33,132,726,"2,781.00",1,485,500
7086361926,4/27/2016,"11,107.00",8.34,8.34,0,5.63,0.18,2.53,0,55,6,145,829,"2,693.00",1,469,479
7086361926,4/28/2016,"11,584.00",7.8,7.8,0,2.79,1.64,3.36,0,54,48,161,810,"2,862.00",1,354,367
7086361926,4/29/2016,"7,881.00",4.95,4.95,0,0.49,0.45,4,0,24,36,182,"1,198.00","2,616.00",NA,NA,NA
7086361926,4/30/2016,"14,560.00",9.41,9.41,0,3.12,1.04,5.24,0,42,17,308,584,"2,995.00",1,485,489
7086361926,5/1/2016,"12,390.00",8.07,8.07,0,2.3,0.9,4.85,0,30,15,258,685,"2,730.00",NA,NA,NA
7086361926,5/2/2016,"10,052.00",6.81,6.81,0,3.48,0.66,2.66,0,66,26,139,737,"2,754.00",NA,NA,NA
7086361926,5/3/2016,"10,288.00",6.76,6.76,0,2.74,0.85,3.16,0,57,36,152,761,"2,754.00",NA,NA,NA
7086361926,5/4/2016,"10,988.00",8.31,8.31,0,5.28,0.12,2.9,0,45,12,135,843,"2,655.00",NA,NA,NA
7086361926,5/5/2016,"8,564.00",5.6,5.6,0,1.78,0.83,2.95,0,24,14,149,"1,253.00","2,386.00",NA,NA,NA
7086361926,5/6/2016,"12,461.00",8.38,8.38,0,3.82,1.43,3.12,0,84,35,154,834,"2,924.00",NA,NA,NA
7086361926,5/7/2016,"12,827.00",8.48,8.48,0,1.46,2.33,4.68,0,20,42,209,621,"2,739.00",NA,NA,NA
7086361926,5/8/2016,"10,677.00",7.1,7.1,0,2.31,1.53,3.25,0,32,27,147,695,"2,534.00",NA,NA,NA
7086361926,5/9/2016,"13,566.00",9.11,9.11,0,4.26,1.71,3.12,0,67,50,171,743,"2,960.00",NA,NA,NA
7086361926,5/10/2016,"14,433.00",10.79,10.79,0,7.11,1.2,2.45,0,72,23,106,"1,182.00","2,800.00",NA,NA,NA
7086361926,5/11/2016,"9,572.00",6.52,6.52,0,2.89,1.39,2.23,0,57,40,128,757,"2,735.00",1,451,463
7086361926,5/12/2016,"3,789.00",2.56,2.56,0,0.38,0.27,1.89,0,5,4,58,343,"1,199.00",1,444,457
8053475328,4/12/2016,"18,060.00",14.12,14.12,0,11.64,0.39,2.1,0,116,8,123,"1,193.00","3,186.00",NA,NA,NA
8053475328,4/13/2016,"16,433.00",13.35,13.35,0,10.43,0.47,2.45,0,95,12,156,"1,177.00","3,140.00",NA,NA,NA
8053475328,4/14/2016,"20,159.00",15.97,15.97,0,12.34,0.21,3.36,0,119,5,193,"1,123.00","3,411.00",NA,NA,NA
8053475328,4/15/2016,"20,669.00",16.24,16.24,0,13.26,0.39,2.59,0,132,8,158,"1,142.00","3,410.00",NA,NA,NA
8053475328,4/16/2016,"14,549.00",11.11,11.11,0,9.36,0.27,1.49,0,96,6,83,"1,255.00","2,867.00",NA,NA,NA
8053475328,4/17/2016,"18,827.00",13.69,13.69,0,9.24,0.8,3.64,0,111,21,195,"1,113.00","3,213.00",NA,NA,NA
8053475328,4/18/2016,"17,076.00",12.66,12.66,0,9.08,0.23,3.35,0,102,6,195,"1,137.00","3,133.00",NA,NA,NA
8053475328,4/19/2016,"15,929.00",12.48,12.48,0,9.22,0.31,2.95,0,90,7,191,"1,152.00","3,114.00",NA,NA,NA
8053475328,4/20/2016,"15,108.00",12.19,12.19,0,9.58,0.23,2.38,0,89,5,158,695,"3,043.00",1,486,493
8053475328,4/21/2016,"16,057.00",12.51,12.51,0,9.67,0.25,2.58,0,100,6,170,"1,164.00","3,103.00",NA,NA,NA
8053475328,4/22/2016,"10,520.00",8.29,8.29,0,6.26,0.15,1.88,0,60,3,117,"1,260.00","2,655.00",NA,NA,NA
8053475328,4/23/2016,"22,359.00",17.19,17.19,0,12.54,0.63,4.02,0,125,14,223,741,"3,554.00",1,331,337
8053475328,4/24/2016,"22,988.00",17.95,17.95,0,13.13,1.55,3.26,0,129,33,182,"1,096.00","3,577.00",NA,NA,NA
8053475328,4/25/2016,"20,500.00",15.69,15.69,0,11.37,0.46,3.86,0,118,9,209,"1,104.00","3,403.00",NA,NA,NA
8053475328,4/26/2016,"12,685.00",9.62,9.62,0,6.31,0.2,3.1,0,68,5,185,"1,182.00","2,846.00",NA,NA,NA
8053475328,4/27/2016,"12,422.00",9.82,9.82,0,6.46,0.43,2.93,0,60,10,183,"1,187.00","2,852.00",NA,NA,NA
8053475328,4/28/2016,"15,447.00",12.4,12.4,0,9.67,0.39,2.35,0,90,9,153,"1,188.00","3,062.00",NA,NA,NA
8053475328,4/29/2016,"12,315.00",9.65,9.65,0,6.17,0.31,3.17,0,58,8,159,"1,215.00","2,794.00",NA,NA,NA
8053475328,4/30/2016,"7,135.00",5.59,5.59,0,2.99,0.06,2.54,0,27,1,131,"1,281.00","2,408.00",NA,NA,NA
8053475328,5/1/2016,"1,170.00",0.85,0.85,0,0,0,0.85,0,0,0,51,"1,389.00","1,886.00",NA,NA,NA
8053475328,5/2/2016,"1,969.00",1.43,1.43,0,0,0,1.43,0,0,0,95,"1,345.00","1,988.00",NA,NA,NA
8053475328,5/3/2016,"15,484.00",11.9,11.9,0,8.39,0.93,2.59,0,87,22,165,"1,166.00","3,023.00",NA,NA,NA
8053475328,5/4/2016,"14,581.00",11.15,11.15,0,8.82,0.4,1.91,0,89,8,123,"1,220.00","2,918.00",NA,NA,NA
8053475328,5/5/2016,"14,990.00",11.51,11.51,0,8.85,0.45,2.21,0,93,9,130,"1,208.00","2,950.00",NA,NA,NA
8053475328,5/6/2016,"13,953.00",11,11,0,9.1,0.69,1.21,0,90,15,90,"1,245.00","2,859.00",NA,NA,NA
8053475328,5/7/2016,"19,769.00",15.67,15.67,0,12.44,0.88,2.35,0,121,20,148,"1,076.00","3,331.00",NA,NA,NA
8053475328,5/8/2016,"22,026.00",17.65,17.65,0,13.4,0.59,3.66,0,125,14,228,"1,073.00","3,589.00",NA,NA,NA
8053475328,5/9/2016,"12,465.00",9.38,9.38,0,6.12,0.57,2.69,0,66,12,148,"1,214.00","2,765.00",NA,NA,NA
8053475328,5/10/2016,"14,810.00",11.36,11.36,0,9.09,0.42,1.85,0,96,10,115,"1,219.00","2,926.00",NA,NA,NA
8053475328,5/11/2016,"12,209.00",9.4,9.4,0,6.08,0.28,3.04,0,60,7,184,"1,189.00","2,809.00",NA,NA,NA
8053475328,5/12/2016,"4,998.00",3.91,3.91,0,2.95,0.2,0.76,0,28,4,39,839,"1,505.00",NA,NA,NA
8253242879,4/12/2016,"9,033.00",7.16,7.16,0,5.43,0.14,1.59,0,40,2,154,"1,244.00","2,044.00",NA,NA,NA
8253242879,4/13/2016,"8,053.00",6.1,6.1,0,4.17,0.63,1.31,0,35,11,96,"1,298.00","1,935.00",NA,NA,NA
8253242879,4/14/2016,"5,234.00",3.46,3.46,0,1.93,0.99,0.54,0,29,16,33,"1,362.00","1,705.00",NA,NA,NA
8253242879,4/15/2016,"2,672.00",1.77,1.77,0,0,0,1.76,0,0,0,105,"1,335.00","1,632.00",NA,NA,NA
8253242879,4/16/2016,"9,256.00",6.14,6.14,0,0.43,3.27,2.45,0,6,51,115,"1,268.00","1,880.00",NA,NA,NA
8253242879,4/17/2016,"10,204.00",7.91,7.91,0,5.43,0.15,2.33,0,41,5,157,"1,237.00","2,112.00",NA,NA,NA
8253242879,4/18/2016,"5,151.00",3.48,3.48,0,1.04,0.63,1.8,0,16,16,130,"1,278.00","1,829.00",NA,NA,NA
8253242879,4/19/2016,"4,212.00",2.78,2.78,0,0,0,2.78,0,0,0,164,"1,276.00","1,763.00",NA,NA,NA
8253242879,4/20/2016,"6,466.00",4.27,4.27,0,0.33,0.82,3.11,0.01,5,18,216,"1,201.00","1,931.00",NA,NA,NA
8253242879,4/21/2016,"11,268.00",8.56,8.56,0,5.88,0.93,1.75,0,49,20,172,"1,199.00","2,218.00",NA,NA,NA
8253242879,4/22/2016,"2,824.00",1.87,1.87,0,0,0,1.87,0,0,0,120,"1,320.00","1,651.00",NA,NA,NA
8253242879,4/23/2016,"9,282.00",6.26,6.26,0,2.09,1.04,3.13,0,30,26,191,"1,193.00","2,132.00",NA,NA,NA
8253242879,4/24/2016,"8,905.00",7.13,7.13,0,5.6,0.19,1.34,0,41,4,82,"1,313.00","1,976.00",NA,NA,NA
8253242879,4/25/2016,"6,829.00",4.51,4.51,0,0.36,2.39,1.77,0,7,54,118,"1,261.00","1,909.00",NA,NA,NA
8253242879,4/26/2016,"4,562.00",3.04,3.04,0,1.18,0.49,1.37,0,19,14,108,"1,299.00","1,813.00",NA,NA,NA
8253242879,4/27/2016,"10,232.00",8.18,8.18,0,6.24,0.23,1.7,0,45,5,104,"1,286.00","2,008.00",NA,NA,NA
8253242879,4/28/2016,"2,718.00",1.8,1.8,0,0.67,0.78,0.34,0,11,16,20,"1,393.00","1,580.00",NA,NA,NA
8253242879,4/29/2016,"6,260.00",4.26,4.26,0,1.29,0.54,2.4,0,16,14,136,"1,257.00","1,854.00",NA,NA,NA
8378563200,4/12/2016,"7,626.00",6.05,6.05,2.25,0.83,0.71,4.5,0,65,15,156,723,"3,635.00",1,338,356
8378563200,4/13/2016,"12,386.00",9.82,9.82,2.09,4.96,0.65,4.21,0,116,14,169,680,"4,079.00",2,447,487
8378563200,4/14/2016,"13,318.00",10.56,10.56,2.25,5.62,1.03,3.91,0,123,21,174,699,"4,163.00",1,424,455
8378563200,4/15/2016,"14,461.00",11.47,11.47,0,4.91,1.15,5.41,0,60,23,190,729,"3,666.00",1,513,533
8378563200,4/16/2016,"11,207.00",8.89,8.89,0,5.37,1.07,2.44,0,64,21,142,563,"3,363.00",2,611,689
8378563200,4/17/2016,"2,132.00",1.69,1.69,0,0,0,1.69,0,0,0,93,599,"2,572.00",2,525,591
8378563200,4/18/2016,"13,630.00",10.81,10.81,2.09,5.05,0.56,5.2,0,117,10,174,720,"4,157.00",1,398,451
8378563200,4/19/2016,"13,070.00",10.36,10.36,2.25,5.3,0.88,4.18,0,120,19,154,737,"4,092.00",1,387,421
8378563200,4/20/2016,"9,388.00",7.44,7.44,2.09,2.23,0.44,4.78,0,82,8,169,763,"3,787.00",1,381,409
8378563200,4/21/2016,"15,148.00",12.01,12.01,2.25,6.9,0.82,4.29,0,137,16,145,677,"4,236.00",1,396,417
8378563200,4/22/2016,"12,200.00",9.67,9.67,2.09,4.91,0.59,4.18,0,113,12,159,769,"4,044.00",1,441,469
8378563200,4/23/2016,"5,709.00",4.53,4.53,0,1.52,0.52,2.48,0,19,10,136,740,"2,908.00",1,565,591
8378563200,4/24/2016,"3,703.00",2.94,2.94,0,0,0,2.94,0,0,0,135,734,"2,741.00",1,458,492
8378563200,4/25/2016,"12,405.00",9.84,9.84,2.09,5.05,0.87,3.92,0,117,16,141,692,"4,005.00",1,388,402
8378563200,4/26/2016,"16,208.00",12.85,12.85,0,7.51,0.92,4.42,0,90,18,161,593,"3,763.00",1,550,584
8378563200,4/27/2016,"7,359.00",5.84,5.84,0,0.33,0.18,5.33,0,4,4,192,676,"3,061.00",1,531,600
8378563200,4/28/2016,"5,417.00",4.3,4.3,0,0.9,0.49,2.91,0,11,10,139,711,"2,884.00",1,506,556
8378563200,4/29/2016,"6,175.00",4.9,4.9,0,0.25,0.36,4.27,0,3,7,172,767,"2,982.00",1,527,562
8378563200,4/30/2016,"2,946.00",2.34,2.34,0,0,0,2.34,0,0,0,121,780,"2,660.00",1,468,555
8378563200,5/1/2016,"11,419.00",9.06,9.06,0,6.03,0.56,2.47,0,71,10,127,669,"3,369.00",NA,NA,NA
8378563200,5/2/2016,"6,064.00",4.81,4.81,2.09,0.63,0.17,4.01,0,63,4,142,802,"3,491.00",NA,NA,NA
8378563200,5/3/2016,"8,712.00",6.91,6.91,2.25,1.34,1.06,4.5,0,71,20,195,822,"3,784.00",NA,NA,NA
8378563200,5/4/2016,"7,875.00",6.24,6.24,0,1.56,0.49,4.2,0,19,10,167,680,"3,110.00",NA,NA,NA
8378563200,5/5/2016,"8,567.00",6.79,6.79,2.25,0.89,0.16,5.74,0,66,3,214,764,"3,783.00",NA,NA,NA
8378563200,5/6/2016,"7,045.00",5.59,5.59,2.09,1.55,0.25,3.78,0,74,5,166,831,"3,644.00",NA,NA,NA
8378563200,5/7/2016,"4,468.00",3.54,3.54,0,0,0,3.54,0,0,0,158,851,"2,799.00",NA,NA,NA
8378563200,5/8/2016,"2,943.00",2.33,2.33,0,0,0,2.33,0,0,0,139,621,"2,685.00",NA,NA,NA
8378563200,5/9/2016,"8,382.00",6.65,6.65,2.09,1.27,0.66,4.72,0,71,13,171,772,"3,721.00",NA,NA,NA
8378563200,5/10/2016,"6,582.00",5.22,5.22,2.25,0.66,0.64,3.92,0,63,13,152,840,"3,586.00",1,342,391
8378563200,5/11/2016,"9,143.00",7.25,7.25,2.09,1.39,0.59,5.27,0,72,10,184,763,"3,788.00",1,368,387
8378563200,5/12/2016,"4,561.00",3.62,3.62,0,0.65,0.27,2.69,0,8,6,102,433,"1,976.00",1,496,546
8583815059,4/12/2016,"5,014.00",3.91,3.91,0,0,0.33,3.58,0,0,7,196,"1,237.00","2,650.00",NA,NA,NA
8583815059,4/13/2016,"5,571.00",4.35,4.35,0,0.15,0.97,3.23,0,2,23,163,"1,252.00","2,654.00",NA,NA,NA
8583815059,4/14/2016,"3,135.00",2.45,2.45,0,0,0,2.43,0,0,0,134,"1,306.00","2,443.00",NA,NA,NA
8583815059,4/15/2016,"3,430.00",2.68,2.68,0,0,0,0.9,0,0,0,65,"1,375.00","2,505.00",NA,NA,NA
8583815059,4/16/2016,"5,319.00",4.15,4.15,0,0,0,0,0,0,0,0,"1,440.00","2,693.00",NA,NA,NA
8583815059,4/17/2016,"3,008.00",2.35,2.35,0,0,0,0,0,0,0,0,"1,440.00","2,439.00",NA,NA,NA
8583815059,4/18/2016,"3,864.00",3.01,3.01,0,0.31,1.06,1.35,0,4,22,105,"1,309.00","2,536.00",NA,NA,NA
8583815059,4/19/2016,"5,697.00",4.44,4.44,0,0.53,0.48,3.44,0,7,10,166,"1,257.00","2,668.00",NA,NA,NA
8583815059,4/20/2016,"5,273.00",4.11,4.11,0,0,1.04,3.07,0,0,27,167,"1,246.00","2,647.00",NA,NA,NA
8583815059,4/21/2016,"8,538.00",6.66,6.66,0,2.63,1.02,3.01,0,35,18,158,"1,229.00","2,883.00",NA,NA,NA
8583815059,4/22/2016,"8,687.00",6.78,6.78,0,0.29,2.41,4.08,0,4,54,212,"1,170.00","2,944.00",NA,NA,NA
8583815059,4/23/2016,"9,423.00",7.35,7.35,0,0.53,2.03,4.75,0,7,44,238,"1,151.00","3,012.00",NA,NA,NA
8583815059,4/24/2016,"8,286.00",6.46,6.46,0,0.15,2.05,4.27,0,2,44,206,"1,188.00","2,889.00",NA,NA,NA
8583815059,4/25/2016,"4,503.00",3.51,3.51,0,1.47,0.24,1.81,0,18,6,122,"1,294.00","2,547.00",NA,NA,NA
8583815059,4/26/2016,"10,499.00",8.19,8.19,0,0.07,4.22,3.89,0,1,91,214,"1,134.00","3,093.00",NA,NA,NA
8583815059,4/27/2016,"12,474.00",9.73,9.73,0,6.6,0.27,2.87,0,77,5,129,"1,229.00","3,142.00",NA,NA,NA
8583815059,4/28/2016,"6,174.00",4.82,4.82,0,0,1.2,3.61,0,0,28,203,"1,209.00","2,757.00",NA,NA,NA
8583815059,4/29/2016,"15,168.00",11.83,11.83,0,3.9,3,4.92,0,46,67,258,"1,069.00","3,513.00",NA,NA,NA
8583815059,4/30/2016,"10,085.00",7.87,7.87,0,0.15,1.28,6.43,0,2,28,317,"1,093.00","3,164.00",NA,NA,NA
8583815059,5/1/2016,"4,512.00",3.52,3.52,0,0.78,0.12,2.04,0,10,2,117,"1,311.00","2,596.00",NA,NA,NA
8583815059,5/2/2016,"8,469.00",6.61,6.61,0,0,0,0,0,0,0,0,"1,440.00","2,894.00",NA,NA,NA
8583815059,5/3/2016,"12,015.00",9.37,9.37,0,0,0,0,0,0,0,0,"1,440.00","3,212.00",NA,NA,NA
8583815059,5/4/2016,"3,588.00",2.8,2.8,0,0,0,0,0,0,0,0,"1,440.00","2,516.00",NA,NA,NA
8583815059,5/5/2016,"12,427.00",9.69,9.69,0,0,0,1.18,0,0,0,70,"1,370.00","3,266.00",NA,NA,NA
8583815059,5/6/2016,"5,843.00",4.56,4.56,0,0.14,1.19,3.23,0,2,22,166,"1,250.00","2,683.00",NA,NA,NA
8583815059,5/7/2016,"6,117.00",4.77,4.77,0,0,0,4.77,0,0,0,250,"1,190.00","2,810.00",NA,NA,NA
8583815059,5/8/2016,"9,217.00",7.19,7.19,0,0.22,3.31,3.66,0,3,72,182,"1,183.00","2,940.00",NA,NA,NA
8583815059,5/9/2016,"9,877.00",7.7,7.7,0,5.76,0.17,1.73,0,66,4,110,"1,260.00","2,947.00",NA,NA,NA
8583815059,5/10/2016,"8,240.00",6.43,6.43,0,0.69,2.01,3.72,0,9,43,162,"1,226.00","2,846.00",NA,NA,NA
8583815059,5/11/2016,"8,701.00",6.79,6.79,0,0.37,3.24,3.17,0,5,71,177,"1,106.00","2,804.00",NA,NA,NA
8792009665,4/12/2016,"2,564.00",1.64,1.64,0,0,0,1.64,0,0,0,116,831,"2,044.00",1,458,493
8792009665,4/13/2016,"1,320.00",0.84,0.84,0,0,0,0.84,0,0,0,82,806,"1,934.00",1,531,552
8792009665,4/14/2016,"1,219.00",0.78,0.78,0,0,0,0.78,0,0,0,84,853,"1,963.00",1,486,503
8792009665,4/15/2016,"2,483.00",1.59,1.59,0,0,0,1.59,0,0,0,126,937,"2,009.00",1,363,377
8792009665,4/16/2016,244,0.16,0.16,0,0,0,0.16,0,0,0,12,"1,428.00","1,721.00",NA,NA,NA
8792009665,4/20/2016,"3,147.00",2.01,2.01,0,0,0.28,1.74,0,0,10,139,744,"2,188.00",1,528,547
8792009665,4/21/2016,144,0.09,0.09,0,0,0,0.09,0,0,0,9,"1,431.00","1,720.00",NA,NA,NA
8792009665,4/22/2016,"4,068.00",2.6,2.6,0,0.05,0.28,2.27,0,1,20,195,817,"2,419.00",1,391,407
8792009665,4/23/2016,"5,245.00",3.36,3.36,0,0.16,0.44,2.75,0,8,45,232,795,"2,748.00",1,339,360
8792009665,4/24/2016,400,0.26,0.26,0,0.04,0.05,0.16,0,3,8,19,"1,410.00","1,799.00",NA,NA,NA
8792009665,4/26/2016,"1,321.00",0.85,0.85,0,0,0,0.85,0,0,0,80,"1,360.00","1,928.00",NA,NA,NA
8792009665,4/27/2016,"1,758.00",1.13,1.13,0,0,0,1.13,0,0,0,112,900,"2,067.00",1,423,428
8792009665,4/28/2016,"6,157.00",3.94,3.94,0,0,0,3.94,0,0,0,310,714,"2,780.00",1,402,416
8792009665,4/29/2016,"8,360.00",5.35,5.35,0,0.14,0.28,4.93,0,6,14,380,634,"3,101.00",1,398,406
8792009665,4/30/2016,"7,174.00",4.59,4.59,0,0.33,0.36,3.91,0,10,20,301,749,"2,896.00",1,343,360
8792009665,5/1/2016,"1,619.00",1.04,1.04,0,0,0,1.04,0,0,0,79,834,"1,962.00",NA,NA,NA
8792009665,5/2/2016,"1,831.00",1.17,1.17,0,0,0,1.17,0,0,0,101,916,"2,015.00",NA,NA,NA
8792009665,5/3/2016,"2,421.00",1.55,1.55,0,0,0,1.55,0,0,0,156,739,"2,297.00",NA,NA,NA
8792009665,5/4/2016,"2,283.00",1.46,1.46,0,0,0,1.46,0,0,0,129,848,"2,067.00",NA,NA,NA
8877689391,4/12/2016,"23,186.00",20.4,20.4,0,12.22,0.34,7.82,0,85,7,312,"1,036.00","3,921.00",NA,NA,NA
8877689391,4/13/2016,"15,337.00",9.58,9.58,0,3.55,0.38,5.64,0,108,18,216,"1,098.00","3,566.00",NA,NA,NA
8877689391,4/14/2016,"21,129.00",18.98,18.98,0,10.55,0.59,7.75,0.02,68,13,298,"1,061.00","3,793.00",NA,NA,NA
8877689391,4/15/2016,"13,422.00",7.17,7.17,0,0.05,0.05,7.01,0.01,106,1,281,"1,052.00","3,934.00",NA,NA,NA
8877689391,4/16/2016,"29,326.00",25.29,25.29,0,13.24,1.21,10.71,0,94,29,429,888,"4,547.00",NA,NA,NA
8877689391,4/17/2016,"15,118.00",8.87,8.87,0,0,0.07,8.79,0,58,15,307,"1,060.00","3,545.00",NA,NA,NA
8877689391,4/18/2016,"11,423.00",8.67,8.67,0,2.44,0.27,5.94,0,29,5,191,"1,215.00","2,761.00",NA,NA,NA
8877689391,4/19/2016,"18,785.00",17.4,17.4,0,12.15,0.18,5.03,0,82,13,214,"1,131.00","3,676.00",NA,NA,NA
8877689391,4/20/2016,"19,948.00",18.11,18.11,0,11.02,0.69,6.34,0,73,19,225,"1,123.00","3,679.00",NA,NA,NA
8877689391,4/21/2016,"19,377.00",17.62,17.62,0,12.29,0.42,4.89,0,82,13,226,"1,119.00","3,659.00",NA,NA,NA
8877689391,4/22/2016,"18,258.00",16.31,16.31,0,10.23,0.03,5.97,0.05,61,2,236,"1,141.00","3,427.00",NA,NA,NA
8877689391,4/23/2016,"11,200.00",7.43,7.43,0,0,0,7.4,0.01,102,6,300,"1,032.00","3,891.00",NA,NA,NA
8877689391,4/24/2016,"16,674.00",15.74,15.74,0,11.01,0.01,4.69,0,64,1,227,"1,148.00","3,455.00",NA,NA,NA
8877689391,4/25/2016,"12,986.00",8.74,8.74,0,2.37,0.07,6.27,0.01,113,8,218,"1,101.00","3,802.00",NA,NA,NA
8877689391,4/26/2016,"11,101.00",8.43,8.43,0,1.76,0.13,6.5,0,22,3,258,"1,157.00","2,860.00",NA,NA,NA
8877689391,4/27/2016,"23,629.00",20.65,20.65,0,13.07,0.44,7.1,0,93,8,235,"1,104.00","3,808.00",NA,NA,NA
8877689391,4/28/2016,"14,890.00",11.3,11.3,0,4.93,0.38,5.97,0,58,8,231,"1,143.00","3,060.00",NA,NA,NA
8877689391,4/29/2016,"9,733.00",7.39,7.39,0,1.38,0.17,5.79,0,18,5,210,"1,207.00","2,698.00",NA,NA,NA
8877689391,4/30/2016,"27,745.00",26.72,26.72,0,21.66,0.08,4.93,0,124,4,223,"1,089.00","4,398.00",NA,NA,NA
8877689391,5/1/2016,"10,930.00",8.32,8.32,0,3.13,0.57,4.57,0,36,12,166,"1,226.00","2,786.00",NA,NA,NA
8877689391,5/2/2016,"4,790.00",3.64,3.64,0,0,0,3.56,0,0,0,105,"1,335.00","2,189.00",NA,NA,NA
8877689391,5/3/2016,"10,818.00",8.21,8.21,0,1.39,0.1,6.67,0.01,19,3,229,"1,189.00","2,817.00",NA,NA,NA
8877689391,5/4/2016,"18,193.00",16.3,16.3,0,10.42,0.31,5.53,0,66,8,212,"1,154.00","3,477.00",NA,NA,NA
8877689391,5/5/2016,"14,055.00",10.67,10.67,0,5.46,0.82,4.37,0,67,15,188,"1,170.00","3,052.00",NA,NA,NA
8877689391,5/6/2016,"21,727.00",19.34,19.34,0,12.79,0.29,6.16,0,96,17,232,"1,095.00","4,015.00",NA,NA,NA
8877689391,5/7/2016,"12,332.00",8.13,8.13,0,0.08,0.96,6.99,0,105,28,271,"1,036.00","4,142.00",NA,NA,NA
8877689391,5/8/2016,"10,686.00",8.11,8.11,0,1.08,0.2,6.8,0,17,4,245,"1,174.00","2,847.00",NA,NA,NA
8877689391,5/9/2016,"20,226.00",18.25,18.25,0,11.1,0.8,6.24,0.05,73,19,217,"1,131.00","3,710.00",NA,NA,NA
8877689391,5/10/2016,"10,733.00",8.15,8.15,0,1.35,0.46,6.28,0,18,11,224,"1,187.00","2,832.00",NA,NA,NA
8877689391,5/11/2016,"21,420.00",19.56,19.56,0,13.22,0.41,5.89,0,88,12,213,"1,127.00","3,832.00",NA,NA,NA
8877689391,5/12/2016,"8,064.00",6.12,6.12,0,1.82,0.04,4.25,0,23,1,137,770,"1,849.00",NA,NA,NA